,0,1,2,3,4,5,6,7,8,9,10,11,12,13,14,Y1,Y2
0,0.3481892580755821,0.0,0.6846223056025368,-0.5166508480856681,0.22860194589946067,0.29853944708996083,-0.05195543885006512,0.2628368924834832,-0.2173774931473764,1.1004019055515564,-0.0034570737007199857,1.4756467876457213,0.8482786803738026,0.0,-0.8482786803738026,0,1
1,-0.5036232256891424,0.0,-1.2831614124524058,2.472967596052319,-0.5622487093756906,-0.6017012109177853,-0.29199915933460663,0.620785193957378,-0.07591874214020014,1.1004019055515564,-0.1034277564927305,0.753643102862159,-1.178857871990064,0.0,1.178857871990064,1,0
2,-0.19912116227268573,0.0,-1.9802600539284745,0.6291755239666637,0.2690556109690083,-1.118208357004281,-1.0780074206954517,-1.6306049148431645,-0.5886221225804505,1.1004019055515564,1.343268772334512,-0.7176959042415064,-1.178857871990064,0.0,1.178857871990064,1,0
3,0.4569812813172093,0.0,-0.0834546908642399,-1.3309086083014232,2.0968068914119193,-1.2738474930627457,0.16182537636948222,-0.8870101201836124,-1.2222600457962964,-0.9087588770566224,-0.2939725940856568,-0.7176959042415064,0.8482786803738026,0.0,-0.8482786803738026,1,1
4,-0.0756155017676573,0.0,-1.1115497412004358,1.0722207326811681,-1.2647405829842238,1.5077774005412636,-0.7199754129149705,-0.1027327725850274,1.8542999606174166,-0.9087588770566224,0.6859949930802791,-0.7176959042415064,-1.178857871990064,0.0,1.178857871990064,0,1
5,0.04423731352148897,0.0,-0.9764804981539735,1.9875708433250148,-1.6531602984894518,-0.3329279087078381,2.1935112186160497,0.540346033429684,1.9805906162060616,1.1004019055515564,-0.588279921617634,-0.7176959042415064,0.8482786803738026,0.0,-0.8482786803738026,0,1
6,-0.0959371703424433,0.0,0.2666603925932804,-1.6140402444625257,-1.1881815883753897,2.2362466141836315,0.03708530751014031,-0.7092813895958705,0.27856496711691775,-0.9087588770566224,-0.9574774047211786,-0.7176959042415064,0.8482786803738026,0.0,-0.8482786803738026,1,1
7,0.42100626208643427,0.0,0.3972114532139458,-0.8521640699345966,0.8856008869512831,-1.1332720896614925,-0.9086158120921645,-0.5066564518079542,1.0712294306880654,1.1004019055515564,0.2665661580881511,0.9812600393994892,0.8482786803738026,0.0,-0.8482786803738026,1,0
8,0.6671689833825716,0.0,-0.404024593767564,-1.6628678161526564,-1.0414785698598343,2.586916896539601,1.5851958179085777,1.0728628000680667,0.6920660216071495,-0.9087588770566224,-0.001073020352357567,1.2226485178178976,0.8482786803738026,0.0,-0.8482786803738026,1,1
9,-0.5722629901134891,0.0,-0.404024593767564,1.4618878822879555,0.09863609082987382,0.1420987843662648,0.8634083997204078,1.3287700774578322,0.13092701748082236,1.1004019055515564,-1.129742778581916,-0.7176959042415064,0.8482786803738026,0.0,-0.8482786803738026,1,0
10,-0.24116131954232747,0.0,0.923224854590353,0.4615786113824937,-0.19929457467794898,-2.15841405383642,-0.6614850804997441,-1.5097954782543621,-1.1842468983007288,1.1004019055515564,2.7265165071829633,-0.7176959042415064,0.8482786803738026,0.0,-0.8482786803738026,1,1
11,1.7031394469574554,0.0,-0.6001843419958871,0.2058663326190081,-1.545770196007053,-2.47085144521277,-0.33836243086653955,-0.9127626566535529,-1.5536024538736029,1.1004019055515564,-0.043392897877919064,1.6086953321076163,-1.178857871990064,0.0,1.178857871990064,0,1
12,1.2180247919625304,0.0,1.1826014696807372,-0.11209540810229597,0.010310048158917557,0.5194557206380302,-0.11322117986227986,0.5407891503447423,0.7438719398393456,-0.9087588770566224,0.6309892817635878,-0.7176959042415064,0.8482786803738026,0.0,-0.8482786803738026,0,1
13,-0.7866273027298556,0.0,-0.13143911989561288,-0.3716188511954875,-1.3583126875061309,-0.8644362644052823,-0.3631925539998502,2.1724558677779737,1.415739664204781,-0.9087588770566224,-0.6482794389433424,-0.7176959042415064,-1.178857871990064,0.0,1.178857871990064,1,1
14,-0.2623527663176929,0.0,0.8923690754392655,-1.6383432711072958,-0.30228465075887967,1.0139161560578034,2.198424459732086,-1.2803602481273435,1.6457741573854703,-0.9087588770566224,-0.009016245180038147,-0.7176959042415064,0.8482786803738026,0.0,-0.8482786803738026,1,1
15,-0.05539519004410976,0.0,-0.2634570550628082,-1.3805762151679493,1.1116655804714126,0.41606780850454367,1.4018627787824007,-1.3018990298132445,-0.2666697686145678,-0.9087588770566224,-0.6290647991786869,-0.7176959042415064,0.8482786803738026,0.0,-0.8482786803738026,0,1
16,-0.5954391316922852,0.0,-0.3314972872096294,-1.4597983223952677,-0.3399096172213569,0.8679485225641342,-0.23747941202403888,0.9480888574907902,1.599413430095302,-0.9087588770566224,0.17985154424835567,-0.7176959042415064,0.8482786803738026,0.0,-0.8482786803738026,1,1
17,-1.5656949328650558,0.0,0.5827842526777558,1.3817573486108843,0.12940514237160505,0.2451851722117108,-1.384569986278048,1.414505098469037,-0.13212163414315156,-0.9087588770566224,-1.0669434843145205,0.7918660656253189,0.8482786803738026,0.0,-0.8482786803738026,1,1
18,0.17985489596230853,0.0,0.8866671917002388,1.7338916999697604,0.8217692841275437,-0.5965957752446827,1.092997486078541,0.12078761216400412,-0.6318390380136348,1.1004019055515564,0.5623035508324706,-0.7176959042415064,-1.178857871990064,0.0,1.178857871990064,0,1
19,-0.6187682560860228,0.0,-0.7003098643702467,-0.9901660843796162,1.0766185598331988,-0.09788827330219807,2.017996685183497,-0.0759048745509082,0.8298667312455048,-0.9087588770566224,-1.1955617839338417,-0.7176959042415064,0.8482786803738026,0.0,-0.8482786803738026,1,0
20,-1.502375079191393,0.0,-1.3514765941976525,0.9577775117718665,0.43079705194390133,-0.024701453271507714,-0.11611982892887296,-1.7460440232732095,-0.625804178757804,1.1004019055515564,0.06784616156442923,-0.7176959042415064,0.8482786803738026,0.0,-0.8482786803738026,0,1
21,-0.4140754298563689,0.0,-1.2699470824901398,-0.43049702101385023,0.8341573220522085,-0.7409331741742718,-0.40023957945306865,-1.2207819110212719,-1.9924386526166296,-0.9087588770566224,1.7762001596591954,1.1817945861377774,-1.178857871990064,0.0,1.178857871990064,0,1
22,-1.946537688909193,0.0,0.2960542395700446,0.553945766063855,1.20961455205387,0.501951703266697,-0.24004451930649223,0.398513205334286,0.7175153586837164,-0.9087588770566224,0.3429674325333044,-0.7176959042415064,0.8482786803738026,0.0,-0.8482786803738026,1,1
23,-0.19912116227268573,0.0,-0.5906585867508393,-0.6558943975569754,-0.6355350172919048,0.22343173607579594,-0.21054731938754348,-0.8460907225289462,-0.7531561937299781,1.1004019055515564,-0.16800896259370138,1.1559499738455585,-1.178857871990064,0.0,1.178857871990064,0,1
24,-0.3483059447671808,0.0,0.2896611713584435,-0.49877800626861396,0.43002988153678273,-0.8272252367418471,0.0929109856919798,-0.9184474795472043,-1.4312741812619194,-0.9087588770566224,-0.4386455935748163,0.3945318406342066,0.8482786803738026,0.0,-0.8482786803738026,1,1
25,0.9983729868117805,0.0,0.9243351195417647,2.0834236056943056,-0.7080405290184776,-1.2892472963197557,-0.2883898543949667,-0.38716373730015424,2.006262815819945,1.1004019055515564,-0.12243159030103098,1.9685893088515976,-1.178857871990064,0.0,1.178857871990064,1,1
26,-0.5492368606524316,0.0,1.5435041400781593,-0.7665087242055959,0.3505213238322817,0.2953813231426426,-0.2611161660024309,-1.873234022675203,-0.9595208578898718,1.1004019055515564,0.10712392615639126,0.44549971393305493,-1.178857871990064,0.0,1.178857871990064,0,1
27,0.29278977944902584,0.0,-0.8249596079100316,-0.5721619440912938,-0.4019254106134977,-0.9836039693668175,-0.811903697712786,-0.0023097035196684114,0.1877982835485263,1.1004019055515564,-0.947565296145812,-0.7176959042415064,0.8482786803738026,0.0,-0.8482786803738026,1,1
28,0.16074341488209543,0.0,-0.40716466240171467,0.15577964802451463,-0.8217166122088984,0.6104055096679675,0.8500525716345649,1.0950005451120461,-0.021365657608301145,-0.9087588770566224,-0.4742288836176182,-0.7176959042415064,-1.178857871990064,0.0,1.178857871990064,1,1
29,0.933865565617561,0.0,-0.23455060762296365,-0.318605751164862,0.49279720367316204,-0.44594377144935365,-1.2528818269093163,0.17032371882066055,-0.11272159103934937,-0.9087588770566224,0.46335648671972673,-0.7176959042415064,-1.178857871990064,0.0,1.178857871990064,1,0
30,1.910780653366598,0.0,-0.35862774530160174,-0.11209540810229597,0.15831925966324803,1.5160679658728728,-0.33183490349423755,0.29845657361822825,0.5693138856737372,-0.9087588770566224,-0.3405454016049718,-0.7176959042415064,0.8482786803738026,0.0,-0.8482786803738026,0,1
31,-1.5979486434621655,0.0,-0.1261054165827454,-0.11209540810229597,-2.368004249688722,0.8106461961158946,0.4777753706681681,1.3203922544490687,1.4996760052847486,-0.9087588770566224,0.5119190945530808,-0.7176959042415064,0.8482786803738026,0.0,-0.8482786803738026,1,1
32,-0.22008473409473994,0.0,-2.053384986585649,-1.2142327205809278,-1.6108291887501862,0.9228361270746062,0.262727444668144,-1.1010732560093077,2.0454170910272165,-0.9087588770566224,-0.09123123803617594,-0.7176959042415064,0.8482786803738026,0.0,-0.8482786803738026,0,1
33,0.25546799290900685,0.0,-0.12495394361930034,0.2547664230524418,0.18041047378706215,-1.933585275466917,0.7876173862332562,-1.1430207634298866,-1.2288800009516763,1.1004019055515564,-0.8392894400821889,1.6849906331299696,0.8482786803738026,0.0,-0.8482786803738026,0,0
34,-0.3701012669814068,0.0,1.320787666787256,-0.9512480262459793,1.0409201343874577,0.3804249788153489,1.0127908234663872,-0.9750211706001268,0.5103843990870526,-0.9087588770566224,-0.4164959010081916,-0.7176959042415064,0.8482786803738026,0.0,-0.8482786803738026,0,1
35,-0.5722629901134891,0.0,2.5548483486269724,-0.11209540810229597,-0.7208808871995845,2.065429506922285,0.08838101453511807,-0.5477274628546258,0.39177998276158105,-0.9087588770566224,-0.054821010967035205,-0.7176959042415064,0.8482786803738026,0.0,-0.8482786803738026,0,1
36,-0.8113002270179687,0.0,0.1811898155572081,-0.7532423284519582,-0.29810579730543285,0.09228767856313921,-0.13766940589776702,-1.1431274806361118,0.6540711378857348,-0.9087588770566224,1.1874078870861078,0.6851707951295933,-1.178857871990064,0.0,1.178857871990064,0,1
37,0.7856295824963242,0.0,1.216977617919842,0.15577964802451463,-1.0374940434310167,-0.2419198949235958,-2.2946934961329046,-0.040290105071844134,1.0042986381673544,-0.9087588770566224,-1.8034735934715034,-0.7176959042415064,-1.178857871990064,0.0,1.178857871990064,0,1
38,0.02450197759101991,0.0,-0.04067000167047203,-0.10911056282087998,-0.09763873733467647,0.1644124127775074,-1.2799070492275078,-1.5833073153072483,-1.2040594411629812,-0.9087588770566224,0.5119213507379347,-0.7176959042415064,-1.178857871990064,0.0,1.178857871990064,0,1
39,2.1246710599284917,0.0,0.3972114532139458,-0.26393863293764686,-0.6105459994219641,-0.38348528553556566,-1.3387318158662418,0.5524374992432751,0.05674703174017033,-0.9087588770566224,-0.4971597076793061,1.9371696874838553,0.8482786803738026,0.0,-0.8482786803738026,0,1
40,-0.43625883661264303,0.0,-2.104037450834382,0.5016909756102296,0.851356810639133,-0.2241659656459349,-1.4189539334542505,0.4109810705522702,0.15926215630210383,1.1004019055515564,1.0636761380317918,2.088037494500693,0.8482786803738026,0.0,-0.8482786803738026,1,1
41,1.263929390529439,0.0,1.3752882083210276,-0.4183283864606088,0.1701972497338111,0.731825255706655,-1.5753958993854562,-0.5391812313764888,0.044345186589426586,-0.9087588770566224,1.0179008008935562,-0.7176959042415064,-1.178857871990064,0.0,1.178857871990064,0,1
42,1.814784068363683,0.0,-1.3891916453213522,-0.28752544418773557,-1.6326941165724613,-0.05907115512945879,-1.0192370438331777,0.683034347003737,0.7393804664422459,1.1004019055515564,0.9062926486239476,-0.7176959042415064,-1.178857871990064,0.0,1.178857871990064,1,1
43,-0.5263578675292584,0.0,0.13433019865507145,-0.9167645135432636,-1.4426761087258846,-0.2474515504796491,0.9054899582079065,1.0407159302235538,0.8896385147149934,-0.9087588770566224,0.4275405564512886,-0.7176959042415064,0.8482786803738026,0.0,-0.8482786803738026,1,0
44,-0.22008473409473994,0.0,-0.10657837494815015,-0.11209540810229597,-0.20611448511724148,2.0817585973816706,1.4677792362272066,-0.3313456253907473,1.6064040953530216,-0.9087588770566224,0.009447020147914455,-0.7176959042415064,0.8482786803738026,0.0,-0.8482786803738026,1,1
45,1.4290039346659253,0.0,-0.106985374266553,-0.11209540810229597,0.6399597068897316,-0.3401435902704887,0.1294158878671947,-0.5739261661153066,2.5877855657451216,-0.9087588770566224,1.680724836924649,-0.7176959042415064,0.8482786803738026,0.0,-0.8482786803738026,0,1
46,0.14154642253836325,0.0,-0.2748920314418985,-0.8839401990440071,-0.5940885027419222,0.5524507945952621,-0.7261545053244527,-1.4177369018775186,-0.4958102467013947,-0.9087588770566224,0.9498383619716283,0.4277399592923606,-1.178857871990064,0.0,1.178857871990064,1,1
47,-0.2623527663176929,0.0,-0.9394294654318903,-1.3547118591324798,-2.4130109785645897,1.5497141577673486,0.502196611857285,0.8223722261604814,-0.3311213377532699,-0.9087588770566224,-0.3510867611668283,-0.7176959042415064,0.8482786803738026,0.0,-0.8482786803738026,1,0
48,0.2741684225022473,0.0,1.7774279646269757,0.09516505050930905,1.5914105307588424,-1.9472922985154453,0.6710495777248228,-0.21315258361748787,-1.3344341632600025,1.1004019055515564,-0.3909158212511343,1.5392351061064211,0.8482786803738026,0.0,-0.8482786803738026,0,1
49,1.7870704119681158,0.0,1.3622565139631089,0.27240629330213795,0.28068661679452755,-0.4465463430826864,-0.901343047455103,1.5657517069411582,-0.5812392092460119,-0.9087588770566224,-1.348124494226417,-0.7176959042415064,-1.178857871990064,0.0,1.178857871990064,1,1
50,0.1988819984063017,0.0,2.0120910781845387,0.7485497741856253,0.006844973212601244,0.02536566419860444,-1.4690371080641091,1.076610965694313,-0.8666323514123581,1.1004019055515564,0.04862308631169242,-0.7176959042415064,-1.178857871990064,0.0,1.178857871990064,1,0
51,-0.22008473409473994,0.0,1.0782603481513744,-0.08214860016159252,-0.030342212120298438,1.0659467621382694,-1.242708552898102,-0.15537268702480891,-0.22939082549456097,1.1004019055515564,-0.41517400486194495,-0.7176959042415064,-1.178857871990064,0.0,1.178857871990064,0,1
52,-0.0756155017676573,0.0,0.5392477531220988,-0.11209540810229597,0.0751167336240024,0.2973832182772102,0.3517963983660637,0.13522816716871336,2.1600934392993563,-0.9087588770566224,0.582941106080241,-0.7176959042415064,0.8482786803738026,0.0,-0.8482786803738026,1,0
53,0.6671689833825716,0.0,0.2592938976747208,-0.9195995313141981,-0.2661528480226972,1.038616097611407,1.732078272713487,0.5362672333614229,-0.7864954656802332,1.1004019055515564,0.6205929186222512,-0.7176959042415064,-1.178857871990064,0.0,1.178857871990064,0,1
54,0.3847445757186133,0.0,1.4318060879465364,0.8296853388693126,0.40866073170979494,-0.8085037667296917,-0.37613923440457064,1.0142453767704496,0.38118751357619785,-0.9087588770566224,1.3510744579184844,1.1817945861377774,0.8482786803738026,0.0,-0.8482786803738026,1,0
55,-0.17826880538703696,0.0,1.4938246006168956,1.1410022528917307,1.2830941487123109,1.3369718197633718,0.09554702863052202,-0.006176024330264668,0.03375156053442235,-0.9087588770566224,-0.4744321921354729,-0.7176959042415064,-1.178857871990064,0.0,1.178857871990064,0,0
56,-0.5263578675292584,0.0,0.8301442088914757,1.4964980291213361,-0.9582192915255,-1.164745360806915,1.7201156820958103,1.222194987834922,0.21255822968436353,1.1004019055515564,-1.29941272163214,1.0408905710784548,-1.178857871990064,0.0,1.178857871990064,1,0
57,0.40291168102404495,0.0,1.0682273108353575,2.033284993305577,0.5149381056470476,0.15681211001307435,0.864027387706953,2.6501163961873515,1.9781573279168623,1.1004019055515564,-1.2106680236953882,1.6086953321076163,0.8482786803738026,0.0,-0.8482786803738026,0,1
58,-0.7378198224700686,0.0,-0.6335006186835909,-1.218279955108243,-1.2176639341253752,1.7011028401325086,0.8894320478211699,0.04092447079488901,-0.0012560068005038126,-0.9087588770566224,0.3497747572018077,0.9812600393994892,0.8482786803738026,0.0,-0.8482786803738026,1,0
59,0.6154949609232472,0.0,-0.2973635769731962,0.6870762270289644,-0.7239010444927297,1.5194793032133496,-1.335211693003335,0.33848060594711205,0.709909414143574,1.1004019055515564,-0.9293695148864962,0.9273111146739144,-1.178857871990064,0.0,1.178857871990064,0,1
60,-0.11636173541517865,0.0,-0.4887430493763874,2.079983930055983,0.916517717261098,-2.0579321901058343,0.7504375245119748,-1.681526597032233,-1.701444126930632,1.1004019055515564,-1.0459763138293448,-0.7176959042415064,0.8482786803738026,0.0,-0.8482786803738026,1,1
61,-0.5263578675292584,0.0,-1.6225711429846532,-0.043848122349488323,-0.900079494673455,0.2206775257181839,-0.29397359635670184,0.753141144060784,0.38566857077914884,-0.9087588770566224,1.2207809353487755,0.6254467023050456,-1.178857871990064,0.0,1.178857871990064,1,1
62,-1.6637212927821614,0.0,0.8301442088914757,2.0195706494217323,-0.15271379642656238,-0.14031073151103107,0.8358200386120499,0.2828434101678538,1.4873718010586876,1.1004019055515564,-1.2945686996561334,-0.7176959042415064,0.8482786803738026,0.0,-0.8482786803738026,1,0
63,1.9649570160365502,0.0,1.619154033197312,1.0220889443681875,0.37052152340537825,-0.4755523036818819,-0.44668008398958775,1.5855148841331683,-1.3095736533178404,-0.9087588770566224,-1.4293534911818375,-0.7176959042415064,-1.178857871990064,0.0,1.178857871990064,0,1
64,-0.5722629901134891,0.0,0.19473290539110463,-0.11209540810229597,-0.5674388659179764,2.0798913062331583,1.61882337548722,-0.49340478280068134,0.7609201797361683,-0.9087588770566224,0.41760159776847977,-0.7176959042415064,0.8482786803738026,0.0,-0.8482786803738026,0,1
65,0.5457079565403724,0.0,0.03678122746784774,-0.7648805234869763,-0.10387860983772544,1.1651824998203775,-0.2694062159945737,0.18160527050770633,0.42959434440288075,1.1004019055515564,0.33610343981787516,1.2662572082106824,-1.178857871990064,0.0,1.178857871990064,0,1
66,0.16074341488209543,0.0,-0.4083213674186194,-1.0783593082053362,-1.445736561336689,1.0947139966073078,2.227519078253206,-0.01777818334532323,-0.8503376729229374,-0.9087588770566224,0.19135127456859266,0.9812600393994892,0.8482786803738026,0.0,-0.8482786803738026,0,1
67,1.4584936205810548,0.0,0.050653522543377905,-0.7403719878570258,0.4416765210677727,-0.5273242416874322,-1.5190386084180472,0.18711598164641735,0.013631108365658479,-0.9087588770566224,-0.4082704893665377,1.6086953321076163,0.8482786803738026,0.0,-0.8482786803738026,0,1
68,-0.8864449719225043,0.0,1.9274375963454942,-0.11209540810229597,1.298162903206748,2.5489790299327417,-1.0621757042833715,1.3887581431179388,2.504159930301427,-0.9087588770566224,0.8416557097108355,-0.7176959042415064,0.8482786803738026,0.0,-0.8482786803738026,1,1
69,0.42100626208643427,0.0,-0.415927557456769,1.269713229291369,0.2719807221355745,-0.6611873179599962,-0.9214261307983056,-0.46566542185366183,-0.9131112171303237,1.1004019055515564,-1.1581624450671435,0.878195317845719,0.8482786803738026,0.0,-0.8482786803738026,0,1
70,1.646507986488527,0.0,0.06568132001040418,2.8689154088544426,-0.665119056620174,-0.11749735019952595,-0.35092574755120254,0.0542671341519907,0.3646364531481581,1.1004019055515564,-0.8378776915226473,0.6543347944341906,0.8482786803738026,0.0,-0.8482786803738026,0,1
71,-2.1854620860421097,0.0,-0.5567950521012652,0.42154157776572143,-0.6015951244915888,0.2679689413537346,-1.1698210182241802,1.0334632318171082,-0.06406854099059929,-0.9087588770566224,-0.07316554145181929,-0.7176959042415064,-1.178857871990064,0.0,1.178857871990064,0,1
72,1.263929390529439,0.0,-0.6749035323426791,0.024519855539709753,-1.1371970806874432,-0.24163551620996093,0.807166433269019,0.6094782033702303,0.19539904606218836,1.1004019055515564,-0.0023427911865956715,1.1072755281270197,0.8482786803738026,0.0,-0.8482786803738026,1,0
73,-2.7851542918087424,0.0,1.320787666787256,-1.0251575168318903,-0.6827388638202813,0.27733635637844384,-0.8937071939106983,0.5075399531654331,0.6178684614044873,1.1004019055515564,-2.0773195806301796,-0.7176959042415064,-1.178857871990064,0.0,1.178857871990064,1,0
74,-2.4581950776358736,0.0,0.31669122804754274,-0.9963348582386418,0.04235949556004794,-0.8337458970080824,0.675783326533044,-0.5377443734506537,-0.8942239389032638,1.1004019055515564,-0.23716288542881192,1.0408905710784548,0.8482786803738026,0.0,-0.8482786803738026,0,0
75,-1.7312969345796603,0.0,0.7480063851676165,0.9713030243918228,1.055575151711907,0.14855766784260757,0.6238783780907334,-0.1636867800120481,0.4236364240820593,1.1004019055515564,0.8259902635067965,-0.7176959042415064,0.8482786803738026,0.0,-0.8482786803738026,0,1
76,-0.5954391316922852,0.0,-1.065089337975255,1.111612944457211,-0.9338963562817614,-0.12829880574553845,1.7112459227843335,0.6357356100422438,0.7546572877925188,1.1004019055515564,-1.4715829380491392,-0.7176959042415064,0.8482786803738026,0.0,-0.8482786803738026,1,1
77,-0.05539519004410976,0.0,-1.6389940468702555,0.6333060583677463,0.06522154862506002,-0.20491445076695014,-1.208993780991457,0.1526475694800667,-0.7758631333081618,1.1004019055515564,-0.2882226608393231,-0.7176959042415064,0.8482786803738026,0.0,-0.8482786803738026,1,0
78,0.31133305839582326,0.0,0.1214148279826101,-0.6352344268332472,0.49470704381847874,-0.6852221283333608,-0.2539746140188898,-1.28265911846748,-0.9331964497647606,1.1004019055515564,-1.3181227779195215,1.8632034463575171,0.8482786803738026,0.0,-0.8482786803738026,0,1
79,-0.22008473409473994,0.0,-1.1452499696030554,-1.167335796262563,-0.8353522148471038,1.540273084517882,2.0722733560170328,-0.4295248255506307,0.839469574489905,-0.9087588770566224,0.015573895323406051,1.1817945861377774,0.8482786803738026,0.0,-0.8482786803738026,1,1
80,0.43902918059695223,0.0,-0.404024593767564,-0.6471937446501536,0.4116328857945002,-0.1092553684446486,-0.7288254317361159,-0.9149902894203392,-0.9718953408585452,-0.9087588770566224,-0.8220734577064959,1.3630916744530608,-1.178857871990064,0.0,1.178857871990064,0,1
81,2.305996548594089,0.0,0.8253466619728401,0.8862444856835966,0.37601059595514674,-1.4092427244674826,1.1859203016198534,-0.6834744635065334,-0.3347958897315669,1.1004019055515564,-0.9734753173053892,-0.7176959042415064,0.8482786803738026,0.0,-0.8482786803738026,0,1
82,0.1988819984063017,0.0,-0.30944287810405596,1.1936588448201164,-0.14786529707589052,-0.06873001222201094,0.324390238513983,0.5883529722503983,0.33329729040286593,-0.9087588770566224,-0.8884328791545831,-0.7176959042415064,0.8482786803738026,0.0,-0.8482786803738026,1,1
83,0.02450197759101991,0.0,1.281229284812265,-0.18727190359294063,0.06497808772013129,0.9963714615526913,-0.38438023904258595,1.1028744988949655,0.31172224852952846,1.1004019055515564,-0.11503359222691169,1.1817945861377774,-1.178857871990064,0.0,1.178857871990064,0,1
84,-0.11636173541517865,0.0,-1.8487881724850421,0.04878006725100333,1.1454036771090155,-0.48714153120951564,-2.240296439879027,0.20364878843871823,-0.1278560032568079,-0.9087588770566224,-1.450252882099009,-0.7176959042415064,0.8482786803738026,0.0,-0.8482786803738026,1,1
85,0.2741684225022473,0.0,1.5613352035527455,1.4453522562276333,-2.2473940393347336,-0.7081301062507946,-0.760254471189239,-1.1699620407450573,-0.7932299974685253,1.1004019055515564,-1.0325063995042079,1.6849906331299696,0.8482786803738026,0.0,-0.8482786803738026,1,1
86,0.29278977944902584,0.0,0.5129183084826945,-0.11209540810229597,1.843714931107444,1.3314931918954283,-0.24314542926198038,-0.174744266607789,1.1280141450202097,-0.9087588770566224,-1.1370149289613605,-0.7176959042415064,0.8482786803738026,0.0,-0.8482786803738026,0,1
87,0.06387977573665872,0.0,1.1826014696807372,0.06955541568108635,1.0969021411235114,-0.26867852775069473,-0.19486472824586135,-1.1154082665723088,-0.44148178428355805,1.1004019055515564,-2.077315487464737,-0.7176959042415064,-1.178857871990064,0.0,1.178857871990064,1,0
88,1.5605041149496857,0.0,-0.7434409600851104,0.7821330558152606,-0.5669600321208501,-0.22104580284828404,1.4345457294802586,0.3299276308523877,-1.5679123683183624,1.1004019055515564,-0.06890848644826661,-0.7176959042415064,0.8482786803738026,0.0,-0.8482786803738026,1,1
89,-0.0959371703424433,0.0,0.12811025283450772,1.1765920599402084,1.372036553289232,0.02428053182940746,-0.2516782608733932,-1.7884898145040085,-0.9384688314390284,-0.9087588770566224,-0.17645017857955303,1.9685893088515976,-1.178857871990064,0.0,1.178857871990064,1,1
90,2.203017753950565,0.0,0.7420329375581306,-0.4577511236149686,-0.07711548418251128,0.34192419019073034,-0.013409510257807317,-1.1417346150250576,0.15924127252752948,-0.9087588770566224,0.8843414399888964,2.113897335160153,-1.178857871990064,0.0,1.178857871990064,0,1
91,-0.6897047521475665,0.0,-0.33746621153325246,-0.11209540810229597,-1.8175236878489425,1.0237073759819535,-0.630343030733483,0.023746051673423526,1.5145622198768458,-0.9087588770566224,1.0786306711879534,-0.7176959042415064,0.8482786803738026,0.0,-0.8482786803738026,1,0
92,-1.0422162164183089,0.0,-1.029302543584734,-0.13394230886110833,0.39596481895088864,-1.0796665614791623,1.2112235167894916,0.8841098274370933,-0.9498816569052205,1.1004019055515564,0.717344485040285,-0.7176959042415064,0.8482786803738026,0.0,-0.8482786803738026,0,0
93,-0.22008473409473994,0.0,0.7613098588611781,0.19273408834293487,-0.8006993299470045,0.9961371327925158,1.3157864585442585,-1.7704094616594364,-0.8781040592255788,1.1004019055515564,1.1692755678505597,-0.7176959042415064,0.8482786803738026,0.0,-0.8482786803738026,0,1
94,1.1717227287325178,0.0,0.08089586396984004,-1.0918278011866998,-0.1393071991813122,0.4090522582857287,0.38043990384601767,0.02524290045883518,0.016913602398728547,1.1004019055515564,-1.1967084181048175,-0.7176959042415064,0.8482786803738026,0.0,-0.8482786803738026,0,1
95,0.528097834421863,0.0,0.40043832504313653,0.8802751649233658,-0.4014089214310727,0.34737235132512573,0.8729463478028102,-0.6101723758208136,-0.7593974100276699,1.1004019055515564,-0.7463421740632524,-0.7176959042415064,-1.178857871990064,0.0,1.178857871990064,0,0
96,-0.5263578675292584,0.0,-0.5287264171211989,-0.3833479229245955,0.20567820236005047,-0.6787534328922117,0.7229322294116752,-1.0160791415964527,-0.7170261013515337,1.1004019055515564,-0.5021116061622465,0.48364736444423156,0.8482786803738026,0.0,-0.8482786803738026,0,1
97,-0.45857628573987325,0.0,-0.01331586683789976,-0.5827990985079241,-0.361663637993812,-0.1297359475760702,-0.6097702544554829,-0.3338769168150768,0.09772797974777292,-0.9087588770566224,0.04161640441975394,-0.7176959042415064,-1.178857871990064,0.0,1.178857871990064,1,0
98,0.40291168102404495,0.0,1.054669518798511,-0.24031646007211563,0.3492789568243663,0.2632528397400701,-0.26348675772615815,-0.0370601547035418,-0.21859498879221145,-0.9087588770566224,0.3838668397436002,-0.7176959042415064,-1.178857871990064,0.0,1.178857871990064,0,1
99,2.190027421078672,0.0,1.311830896752313,1.333082929580721,1.4406851132033942,0.34961606937914963,1.3290037283494285,-0.3818211068031564,-0.5231590964705092,1.1004019055515564,2.1613729774308696,-0.7176959042415064,-1.178857871990064,0.0,1.178857871990064,0,1
100,1.617983017883956,0.0,0.2390602696625842,-0.012521174722701433,-0.8605631620075684,-0.2357033558006322,-0.33608893023248504,-0.3957956417677305,-0.3541471013101647,1.1004019055515564,0.20855007085089378,1.7693209397618812,-1.178857871990064,0.0,1.178857871990064,1,1
101,-0.24116131954232747,0.0,-1.4225874741384263,-0.7186041724486488,-0.12414300570696721,-0.03249792578068339,-1.1274479276323854,-1.3318293665700922,0.017697564416702987,1.1004019055515564,-0.32323645462200024,0.9273111146739144,0.8482786803738026,0.0,-0.8482786803738026,0,1
102,1.2180247919625304,0.0,-1.445525291831164,-0.11209540810229597,-0.7848543305317176,0.015415665583508405,-1.664808055678993,0.7554831780191841,0.8967116179968797,-0.9087588770566224,-0.43969916132727777,-0.7176959042415064,0.8482786803738026,0.0,-0.8482786803738026,0,0
103,-0.6897047521475665,0.0,0.174151314153279,-0.16313972397527576,-0.27622161099974496,0.9589444751460998,0.446696112199229,1.5695984935069878,-0.3998345926624825,-0.9087588770566224,0.208590167863358,-0.7176959042415064,0.8482786803738026,0.0,-0.8482786803738026,0,1
104,-0.5954391316922852,0.0,1.3622565139631089,-0.5366707198912707,0.5383820682767578,1.0833169770930624,-0.17318965609127213,0.8067792927314212,0.552372525775027,-0.9087588770566224,-0.661639541914094,-0.7176959042415064,-1.178857871990064,0.0,1.178857871990064,0,0
105,0.6671689833825716,0.0,-0.6578096242588451,-0.637995324527102,-1.3850475745123916,1.5217460276479826,2.4117340718681874,-0.8060487497149552,1.6841486114975228,-0.9087588770566224,1.4910261965561462,1.4171471067868033,0.8482786803738026,0.0,-0.8482786803738026,1,1
106,-0.5954391316922852,0.0,0.31669122804754274,-0.2329699367752615,0.17150164577472912,-0.1135648506943073,0.1722217698039626,-0.3952405323483698,0.0903782946032395,1.1004019055515564,-1.478175152151927,0.9273111146739144,0.8482786803738026,0.0,-0.8482786803738026,1,0
107,2.1639663192380065,0.0,-1.4842062380916772,-0.5480785090533395,0.4811670240530444,-1.5942471164092709,-1.7863783766747572,0.26049473559625286,-0.9557338849686843,-0.9087588770566224,-0.7676109760766311,-0.7176959042415064,0.8482786803738026,0.0,-0.8482786803738026,1,0
108,-0.24116131954232747,0.0,-1.828977416566916,-0.7074626400818705,2.2325002796563806,-1.2543197932006245,-0.5318702747995387,-0.4938498006573809,-0.1497153892727318,-0.9087588770566224,1.7788055748348288,1.5392351061064211,0.8482786803738026,0.0,-0.8482786803738026,0,0
109,0.5807306992439667,0.0,-1.5744091577157202,-0.5936121862307501,0.420018244737821,-0.067990420395837,-0.19686284396723785,0.7481178630085682,0.2793929326219785,-0.9087588770566224,0.0990139488480623,1.8632034463575171,-1.178857871990064,0.0,1.178857871990064,1,1
110,2.203017753950565,0.0,1.4894828634950361,1.4206633098273693,-0.1676837592471675,0.3141551896970773,-0.640692773906968,-0.15209145827215217,-0.6670653007999355,1.1004019055515564,1.695283077884195,-0.7176959042415064,-1.178857871990064,0.0,1.178857871990064,0,1
111,-1.3801063392254955,0.0,-0.551150839930381,-0.11050305266664703,2.257041100694382,0.27712939160614525,0.7916996283144576,0.23032292918810748,0.20779547615090724,1.1004019055515564,0.38843729392813536,0.9273111146739144,-1.178857871990064,0.0,1.178857871990064,1,1
112,1.8423691210236406,0.0,-0.25320219338997546,1.7840616051501121,0.6200689509570734,-0.8162409240099747,-0.20683507436761583,0.27289268397637073,-1.0517577412645687,1.1004019055515564,0.07293036367894114,-0.7176959042415064,0.8482786803738026,0.0,-0.8482786803738026,1,0
113,-0.9375240363018472,0.0,-0.029458502061517452,-0.11209540810229597,-0.984948818825054,0.42879568098848964,0.6136934283464021,0.3392731630430126,2.556916693442269,-0.9087588770566224,0.4183180465263296,-0.7176959042415064,0.8482786803738026,0.0,-0.8482786803738026,1,1
114,-0.5954391316922852,0.0,0.12811025283450772,-1.4407640126980585,-1.3648279120706823,0.7335526795398474,0.4260658196908081,-0.15743337466980933,0.07930339069310727,-0.9087588770566224,0.7525510055318173,1.1072755281270197,0.8482786803738026,0.0,-0.8482786803738026,0,1
115,0.6671689833825716,0.0,1.1007941084648798,-0.5553586343532182,1.7281137787273733,-0.9082258876535257,0.507989154177249,1.045834883099842,0.18540960739560264,-0.9087588770566224,-0.28943374839585356,1.4756467876457213,0.8482786803738026,0.0,-0.8482786803738026,1,1
116,-0.0756155017676573,0.0,-0.9502275624311771,-0.4416251515030662,-0.7051067411262806,0.42494437937084995,-0.23229183740668,-0.5088974138174762,0.8290417902301332,1.1004019055515564,-0.6423116193223407,-0.7176959042415064,-1.178857871990064,0.0,1.178857871990064,0,0
117,-0.5492368606524316,0.0,-0.01331586683789976,1.6051512423971708,1.4181548371439334,-1.7310464527871985,-1.4829789072573378,-2.1328559696581832,-1.9403382082792513,-0.9087588770566224,-1.4378203178373106,-0.7176959042415064,-1.178857871990064,0.0,1.178857871990064,0,1
118,-0.43625883661264303,0.0,-1.8487881724850421,2.42534764751217,-0.9469874836750376,-0.7344731736009362,0.674964691642665,-0.5478971237994414,0.2705172042295351,1.1004019055515564,1.4329546042469152,-0.7176959042415064,-1.178857871990064,0.0,1.178857871990064,0,1
119,1.32453457633375,0.0,0.708814216678455,-1.0348202569782043,1.1630637249807596,0.22834224577524273,0.28149831009167475,-0.05235165026326202,-0.3814781382737979,-0.9087588770566224,-0.3062019249690393,1.0408905710784548,-1.178857871990064,0.0,1.178857871990064,0,1
120,-0.5954391316922852,0.0,-0.9693702620340928,-1.6130170375102992,-0.6586225018565957,-1.0697517691599636,0.864382803295821,-1.2837180467543352,-0.7512254504208745,-0.9087588770566224,0.7154272952788929,-0.7176959042415064,-1.178857871990064,0.0,1.178857871990064,0,1
121,-0.6658978376334715,0.0,0.959806464073938,-0.35246580710723424,1.2067885408468624,0.09083883258291331,-0.9168822075156312,-1.6008183977754906,-1.4956076976026995,1.1004019055515564,-0.8645539936244155,-0.7176959042415064,-1.178857871990064,0.0,1.178857871990064,1,0
122,-0.22008473409473994,0.0,0.3334644942583963,-0.5783364252455221,0.1228000526406462,-0.6429725694721878,-0.40517577613953765,0.3638640574760646,0.47717189394803516,-0.9087588770566224,0.019173224681476756,0.6851707951295933,-1.178857871990064,0.0,1.178857871990064,1,0
123,-0.5722629901134891,0.0,-1.3438241411627447,-0.6307726819463286,-1.3334874352860335,0.6963729093210277,0.6245633176138051,1.8955747524678632,-0.05850812449220899,-0.9087588770566224,2.6453661636163983,-0.7176959042415064,0.8482786803738026,0.0,-0.8482786803738026,1,1
124,0.004672437973770806,0.0,1.336246469925526,-1.5768582131947528,1.4258778266937147,0.35652589482561053,-0.5697555013009529,0.5568092296773061,1.0667208519983402,-0.9087588770566224,0.3130646623223762,-0.7176959042415064,-1.178857871990064,0.0,1.178857871990064,0,0
125,0.1988819984063017,0.0,-1.8745585824395268,2.3246984423139754,-0.10035595473103699,-0.9213957975696162,0.41717276056731206,1.406783520454103,-0.6827883493403082,1.1004019055515564,-0.2690367037385368,-0.7176959042415064,0.8482786803738026,0.0,-0.8482786803738026,0,1
126,-0.3050878911637527,0.0,-0.64236685127329,-0.6630128796557107,-1.5778046327619417,0.8405944628058788,-0.9415716300020998,2.31296192225952,-0.9461921138873595,1.1004019055515564,0.39306239518116814,-0.7176959042415064,-1.178857871990064,0.0,1.178857871990064,1,1
127,-0.2623527663176929,0.0,-0.1479900914716481,-0.8932175780992225,0.3275578343003525,0.5358563385314375,0.4786247758707744,1.1351132001954372,0.10849060778560402,-0.9087588770566224,-0.5395892438213502,1.6849906331299696,-1.178857871990064,0.0,1.178857871990064,1,1
128,0.10289124489517879,0.0,-0.3285642608966543,2.3654954778295387,-2.1513341447554986,-0.9123035822767955,0.31974323168480234,1.2346284365674582,-0.9677044112599,-0.9087588770566224,-0.389831080003067,1.6086953321076163,-1.178857871990064,0.0,1.178857871990064,1,1
129,-0.3050878911637527,0.0,-0.4744919944442771,-1.40834341547645,-1.99994997565636,-0.4782495062776419,-1.6064180630753988,-0.15791258249705242,-0.30428423077455896,-0.9087588770566224,-0.8291460145544018,-0.7176959042415064,0.8482786803738026,0.0,-0.8482786803738026,1,1
130,0.14154642253836325,0.0,0.011469985113510613,-0.11209540810229597,-0.3563497360205269,-0.6616615901298761,-0.7207979976068984,-0.16762855452122205,-0.27868085865889725,-0.9087588770566224,-0.4212772347877222,0.7918660656253189,0.8482786803738026,0.0,-0.8482786803738026,0,1
131,1.263929390529439,0.0,-1.7435968167562492,-0.44073043272053203,0.05995837867758143,-0.9872285769410772,0.9352399821076651,-0.6000502271432251,-0.5319135335437067,1.1004019055515564,-0.9442136662169399,-0.7176959042415064,-1.178857871990064,0.0,1.178857871990064,0,1
132,-0.5492368606524316,0.0,1.619154033197312,-0.40232932650753017,-1.3223876830914698,0.41862950583850134,0.5892282383068258,-0.5448758051471932,0.24117089817487425,1.1004019055515564,1.6850435999572881,1.6849906331299696,0.8482786803738026,0.0,-0.8482786803738026,0,1
133,-0.24116131954232747,0.0,0.6172449504041538,-0.11209540810229597,-1.198735579850093,0.9330337529192405,-0.6486787232111911,2.048835167024708,1.211222110484592,-0.9087588770566224,-0.4202905195874474,-0.7176959042415064,0.8482786803738026,0.0,-0.8482786803738026,0,0
134,-2.228199189870104,0.0,-2.0923375693054225,0.12622803000833382,-1.3438529626272597,-0.6336235951748226,-0.44432892218241005,0.03526179031625191,-1.331452804861733,1.1004019055515564,-0.957530939615393,-0.7176959042415064,-1.178857871990064,0.0,1.178857871990064,0,1
135,0.8849404721761623,0.0,0.5482840572012643,0.03813348220578645,1.4118984068749512,0.07643475864895365,-1.3589410850318688,-1.84963082100347,-1.3982192513449423,-0.9087588770566224,-0.44305184031882383,-0.7176959042415064,-1.178857871990064,0.0,1.178857871990064,1,1
136,0.6671689833825716,0.0,1.386627779700106,0.5054037036267576,-0.730131368974948,-0.07480648181177578,0.46257144473841305,-0.957752002565853,1.8903320336571605,1.1004019055515564,-0.7942056091697853,-0.7176959042415064,-1.178857871990064,0.0,1.178857871990064,0,0
137,-1.6637212927821614,0.0,-1.4372301690193012,-1.4847088640539878,0.8817894237551939,1.4285506700878339,1.747827748735894,-0.3818211068031564,1.4962061192887068,1.1004019055515564,-0.5230534829229087,1.0408905710784548,0.8482786803738026,0.0,-0.8482786803738026,0,0
138,-0.19912116227268573,0.0,-0.8249596079100316,-0.12927740191683865,0.06133985172513289,1.4974902107896793,-0.7572921504184029,1.0251666623428386,0.019895282266117597,-0.9087588770566224,2.045570400533387,-0.7176959042415064,0.8482786803738026,0.0,-0.8482786803738026,0,1
139,0.23668747472350618,0.0,1.3359589677267776,0.264194921837985,1.8773148448137023,0.482496960020998,1.235053526004945,0.017053688533064385,-0.8146677304311228,-0.9087588770566224,0.44262078631414026,-0.7176959042415064,-1.178857871990064,0.0,1.178857871990064,1,1
140,0.528097834421863,0.0,1.0029192903422948,-0.8696229853328696,0.21117410088255845,-1.0303254175733492,-0.6556980521156627,0.09196318591171265,0.1148955422983531,-0.9087588770566224,-0.026917958811202444,1.1817945861377774,0.8482786803738026,0.0,-0.8482786803738026,1,0
141,0.16074341488209543,0.0,-1.7778051488241715,-0.6219041730706913,1.3393887409745477,-0.9613180727828401,0.0187492354381912,-0.0920066600394006,0.4760239950488985,-0.9087588770566224,-2.485226825907792,-0.7176959042415064,0.8482786803738026,0.0,-0.8482786803738026,0,0
142,0.4926763265416648,0.0,0.4698485554548764,-1.4213538663766256,-0.0015171719384601918,0.09620096623861452,0.25787033361220957,-0.7006045353671045,-0.35985459085769544,-0.9087588770566224,-0.15458974655163935,-0.7176959042415064,0.8482786803738026,0.0,-0.8482786803738026,1,1
143,0.29278977944902584,0.0,-2.279880489468548,-0.1768907078119141,0.04729849216328327,0.5137856456803226,0.8444378323089743,-0.2441675130595404,0.6467364758678181,1.1004019055515564,2.2388337200105664,-0.7176959042415064,-1.178857871990064,0.0,1.178857871990064,0,0
144,-0.22008473409473994,0.0,0.3680496736611644,-1.5340263946713142,-1.1173765973774317,0.9030305538035251,0.7676943153951166,0.1689450862742732,1.3270230019214444,-0.9087588770566224,-0.26788801091772446,-0.7176959042415064,0.8482786803738026,0.0,-0.8482786803738026,1,0
145,0.917609894717231,0.0,1.9507673138256896,0.23194965698525238,-0.2644959162404177,-0.7822791655304613,-0.80734486562379,-0.6191144693579529,-1.2177015504152822,-0.9087588770566224,0.31096010918008526,2.13153983132742,-1.178857871990064,0.0,1.178857871990064,1,0
146,-0.11636173541517865,0.0,0.39708247637160404,-0.2502768718744712,-0.606958200732812,-1.5215504256822627,-0.6784152945973018,-2.6017229899708125,-1.121863979987312,1.1004019055515564,0.20786514790804483,0.878195317845719,0.8482786803738026,0.0,-0.8482786803738026,0,0
147,0.3297992333097662,0.0,-0.34070921219005584,-0.11209540810229597,-0.37446884567578104,0.7997752525384162,1.6858908181299825,-0.3368141854679316,2.016732588292001,-0.9087588770566224,-0.354513775686033,-0.7176959042415064,0.8482786803738026,0.0,-0.8482786803738026,0,1
148,0.3847445757186133,0.0,-0.64236685127329,-0.07568302161266102,-0.8147818349339389,-0.8781399115180694,0.5949798362441358,0.28068279895652404,-0.46250023529772816,1.1004019055515564,0.6482609632607059,1.7260651732074777,0.8482786803738026,0.0,-0.8482786803738026,1,1
149,0.8023202669775693,0.0,1.336246469925526,-0.4325219632789858,0.1095259342050959,0.5103355879974628,1.1258834229916777,1.2404112775819707,1.338008548724955,1.1004019055515564,-0.2407562312405143,1.2662572082106824,0.8482786803738026,0.0,-0.8482786803738026,0,1
150,0.3847445757186133,0.0,0.31963628073384465,0.721213495564291,0.39106353725871884,-0.09352046864705973,0.26162934096171875,1.0606273077885318,0.015572035022745687,1.1004019055515564,-0.995065302926113,1.7693209397618812,0.8482786803738026,0.0,-0.8482786803738026,0,0
151,0.9500692179708626,0.0,1.8511661459775577,0.08129005700058839,-1.7843081398036738,0.709963563087743,-0.6624867871995072,0.14490499875523163,-1.3188103690951645,-0.9087588770566224,-0.6740426331497046,0.9812600393994892,-1.178857871990064,0.0,1.178857871990064,0,1
152,0.02450197759101991,0.0,-0.404024593767564,-0.9446286327724973,0.035629409111073686,-1.201483868286846,-1.3092431837800538,-1.4750674150256753,-0.748614701750024,-0.9087588770566224,2.4440062109384826,1.6587309754090258,0.8482786803738026,0.0,-0.8482786803738026,1,1
153,0.29278977944902584,0.0,1.1360772542196205,0.16165222025474613,0.3684146501896508,0.9028597119327698,-2.0175613947606896,-0.9805214754669429,-1.0826761062453485,1.1004019055515564,-0.8773027320984175,1.8307380112199874,-1.178857871990064,0.0,1.178857871990064,0,1
154,0.917609894717231,0.0,0.8278405419341555,-0.7425886462806884,-0.08136828596282394,0.7438070987812508,-0.3005536621823382,-0.22184509206863456,0.5429376171441956,-0.9087588770566224,0.08947352100910982,-0.7176959042415064,0.8482786803738026,0.0,-0.8482786803738026,1,1
155,1.9243701947400333,0.0,1.2494125127564806,0.6755459701917815,0.05812328761441586,-1.0071653267295433,-0.2850086093581228,0.33566496815013064,0.18182746724858898,1.1004019055515564,-1.6320587175277965,-0.7176959042415064,-1.178857871990064,0.0,1.178857871990064,0,1
156,-1.1231267076144151,0.0,-1.0358422079287295,2.8873319677715075,-1.6490221384479828,-1.1437697274973668,0.4799350446494818,0.6698310717227709,0.3878755622618406,1.1004019055515564,-0.1943060011453409,1.0408905710784548,0.8482786803738026,0.0,-0.8482786803738026,0,1
157,-0.6422534333539794,0.0,-0.755729970332388,-0.11209540810229597,-0.6763130018522884,1.450431623097049,0.24924594348259752,-0.7668454260847054,0.7321619282369078,-0.9087588770566224,0.031997706971758064,-0.7176959042415064,0.8482786803738026,0.0,-0.8482786803738026,0,1
158,-0.5492368606524316,0.0,-0.6865039649750961,0.2723574337197116,-1.6119903085314344,-0.39457981864429253,-0.3630919690312192,-0.9619907599165386,-1.4788953449179527,-0.9087588770566224,-0.05304690370470376,-0.7176959042415064,-1.178857871990064,0.0,1.178857871990064,0,1
159,-2.6680192373915923,0.0,0.8640176200048199,2.03990759079009,2.6325148840914405,-2.7455943632572364,-0.11296945293080514,-0.9679830457805101,-1.526510125559333,1.1004019055515564,0.12533084227252517,1.4756467876457213,0.8482786803738026,0.0,-0.8482786803738026,1,1
160,-0.4140754298563689,0.0,1.0250580350339862,-0.18003565627528112,-2.10182396614337,-0.16419874015698854,0.06802634872455766,-1.1102028303002138,1.1692250392230814,1.1004019055515564,0.5068630135489594,1.1072755281270197,0.8482786803738026,0.0,-0.8482786803738026,1,0
161,-0.3701012669814068,0.0,-0.2483161837065309,0.9795656819231761,-0.6463401592413043,0.6503718651801963,-0.10075566542732504,-0.9784175420741811,-0.7447375941219287,1.1004019055515564,1.6715080175063974,-0.7176959042415064,-1.178857871990064,0.0,1.178857871990064,1,0
162,-0.5492368606524316,0.0,-0.14678559931627236,-0.37434191747931406,0.6436361973227817,-1.2499923405658402,-0.49295723826479215,0.6236259360830536,0.0006336720587237407,-0.9087588770566224,0.7931569031584669,1.8632034463575171,-1.178857871990064,0.0,1.178857871990064,0,1
163,1.263929390529439,0.0,0.6751710628456509,-0.7864063947042255,-1.0606999253524496,-0.6270265758917273,0.2287629381876432,1.8127059117197843,0.6504022123984354,-0.9087588770566224,-0.7909128052724503,-0.7176959042415064,0.8482786803738026,0.0,-0.8482786803738026,0,1
164,-1.6972744420773511,0.0,-0.17641085308783172,0.6075349986842777,1.6590313465749702,-1.7750546758891181,-0.25071007371150894,0.08237620581464196,-1.0240826171045867,-0.9087588770566224,1.1788813499498079,-0.7176959042415064,-1.178857871990064,0.0,1.178857871990064,0,0
165,0.17985489596230853,0.0,0.8640176200048199,0.8785495549559109,0.7670449800161158,-0.9127190415929087,0.8428279559854456,1.2507718341576741,1.3069853210409663,1.1004019055515564,2.370274271338379,-0.7176959042415064,0.8482786803738026,0.0,-0.8482786803738026,1,1
166,1.062078980231443,0.0,-0.7973673529222866,0.3013290154768862,1.5903497281598586,-0.0185561789656983,-0.2852973772889517,1.3970930308868041,-0.1993776033596748,1.1004019055515564,1.3024008987592224,-0.7176959042415064,0.8482786803738026,0.0,-0.8482786803738026,1,1
167,-0.05539519004410976,0.0,-0.5617193615984882,-0.1358139054070802,-1.1928905741549014,0.6305304114571461,-1.0994166377117196,-2.5371095570351505,0.670633873182051,1.1004019055515564,-0.22733833824063343,-0.7176959042415064,-1.178857871990064,0.0,1.178857871990064,0,1
168,-0.015252667350532339,0.0,-0.015607007587477377,0.9571863104896625,-0.37446884567578104,-1.1399264734828556,-1.4658809072861048,-2.0577412113767664,-1.3830729161729365,1.1004019055515564,-0.3726280688213125,0.3789754417021075,-1.178857871990064,0.0,1.178857871990064,0,1
169,0.8023202669775693,0.0,-0.23455060762296365,-1.562099242317167,0.6328851596765689,0.1942350526255574,-0.16349001930471765,0.19933148084271393,-0.8232075276695169,-0.9087588770566224,-0.18373595363759346,-0.7176959042415064,0.8482786803738026,0.0,-0.8482786803738026,0,1
170,0.10289124489517879,0.0,1.070788587389365,-0.11209540810229597,-0.6188603861452873,0.7995819081465809,0.4598317366908943,-0.6707239177575691,0.5971588576746588,-0.9087588770566224,-0.010597954359179458,-0.7176959042415064,0.8482786803738026,0.0,-0.8482786803738026,0,1
171,0.17985489596230853,0.0,-1.7435968167562492,0.7823495410552225,-0.1628284495065058,-0.8100573922993071,-0.5805041579025579,1.5879309028829938,-1.081175044875554,1.1004019055515564,0.4076805992241205,-0.7176959042415064,0.8482786803738026,0.0,-0.8482786803738026,0,1
172,0.29278977944902584,0.0,0.1855110176009303,-1.4308142109121376,0.004116539145185293,2.688432477324445,2.190560635998361,0.8970739024888036,0.639891034403249,-0.9087588770566224,-0.7363333765968739,1.1072755281270197,-1.178857871990064,0.0,1.178857871990064,0,0
173,0.5632519987022695,0.0,1.0250580350339862,-1.2058506808659353,-0.6174780810521338,0.9021934252179344,2.167235829940212,-1.3306003692452353,0.353889571748914,-0.9087588770566224,-0.21429481529874875,-0.7176959042415064,0.8482786803738026,0.0,-0.8482786803738026,0,1
174,0.004672437973770806,0.0,1.054669518798511,-1.2652651775751553,0.7919970275026476,1.251231135077634,0.3857082086639998,0.8588185552415466,0.9432019796392075,-0.9087588770566224,-0.7097132023762818,-0.7176959042415064,0.8482786803738026,0.0,-0.8482786803738026,1,0
175,0.14154642253836325,0.0,1.2736455246783744,0.28882465505421306,-1.4660347200289134,0.6935530847747461,-0.3833084768584933,0.4188791670206557,-0.0559881974062486,1.1004019055515564,-0.4680377693218241,0.9812600393994892,-1.178857871990064,0.0,1.178857871990064,0,1
176,0.901301701044775,0.0,0.9893669987893187,-0.366776607914416,1.2218593374546605,-1.0164403130855508,1.9430352003129605,-0.6780915123386132,0.8266576878746243,1.1004019055515564,-0.2090996326364719,-0.7176959042415064,-1.178857871990064,0.0,1.178857871990064,0,1
177,0.8355333231846495,0.0,-1.130230923930406,0.2620981420223446,0.029254418303893564,1.3795747091000876,-0.18478889687107397,0.6421911463533477,-0.0928175840495324,1.1004019055515564,-0.2323500811218529,1.9685893088515976,-1.178857871990064,0.0,1.178857871990064,1,0
178,0.3847445757186133,0.0,-0.64236685127329,-0.6751064397748597,0.5019675876069217,0.9569561979986242,-0.5091895639293814,1.5745067393184256,-1.3798594910350246,1.1004019055515564,-0.49959886545206655,-0.7176959042415064,-1.178857871990064,0.0,1.178857871990064,1,0
179,-0.5722629901134891,0.0,0.8278405419341555,-1.1058726848518166,0.14088255803397096,-0.5194285851638722,-0.06405753084753431,-1.2718158452873172,-0.8068979520115822,1.1004019055515564,-0.07228224719112784,-0.7176959042415064,0.8482786803738026,0.0,-0.8482786803738026,0,1
180,0.12226276073570441,0.0,-0.5624859347981859,1.0672094525317664,-0.5564637474625692,-1.4450968748132291,1.1288511272112065,0.012235064396483471,-0.7816932987054485,-0.9087588770566224,-1.4538519670144319,-0.7176959042415064,-1.178857871990064,0.0,1.178857871990064,1,1
181,-0.3050878911637527,0.0,-1.6236452105220907,-0.11209540810229597,0.6683474847742034,1.8913899479271465,-1.146436939893315,0.9184545259979209,0.9984866808468164,-0.9087588770566224,0.9510198001159819,-0.7176959042415064,0.8482786803738026,0.0,-0.8482786803738026,1,0
182,0.7856295824963242,0.0,0.1573913073576538,0.06485228724998152,2.5538924444098465,1.4430631139657848,-0.08668249508731773,2.578128365174675,-0.7859274253702848,-0.9087588770566224,1.9942602065548343,-0.7176959042415064,0.8482786803738026,0.0,-0.8482786803738026,0,0
183,1.5893157774615105,0.0,0.7192163803440441,-0.06232404254075934,0.8563522287748151,1.317488682027172,-1.4099656063590127,0.7765322771289865,0.596218306232854,1.1004019055515564,0.8412977508084426,-0.7176959042415064,-1.178857871990064,0.0,1.178857871990064,0,1
184,0.9662213479857941,0.0,-0.8945258360445913,0.6981950928448861,1.019335949605301,-0.40672194018952723,-0.3227422898211658,1.044606373927878,0.137614574798614,1.1004019055515564,-0.8213032559844227,-0.7176959042415064,0.8482786803738026,0.0,-0.8482786803738026,1,1
185,-1.6637212927821614,0.0,0.313188685947548,-0.42489373522551466,-0.05607980923221641,0.9616486752927915,0.11185498926814896,-0.6250281626551151,0.599348657519819,-0.9087588770566224,0.1827373575267007,1.9685893088515976,-1.178857871990064,0.0,1.178857871990064,1,0
186,1.2180247919625304,0.0,1.3025762227165434,-0.22793685115769088,1.1835896014228564,-0.0011701164767176028,0.3843912135442645,0.611126653767936,1.340333094797037,-0.9087588770566224,0.17005218515860132,-0.7176959042415064,0.8482786803738026,0.0,-0.8482786803738026,1,0
187,1.9784260266482991,0.0,0.7420329375581306,1.220861741748938,1.286511804370843,-0.2542256790592975,0.7530497151807033,0.20849470024989505,0.04850504552826764,-0.9087588770566224,2.6601916764256295,0.8332315866579088,0.8482786803738026,0.0,-0.8482786803738026,0,1
188,0.6327819318847958,0.0,1.4318060879465364,-0.5165928375891451,0.6770625209646873,1.7136738646916359,0.7238446304307817,0.14575659802885527,0.9385877168755465,1.1004019055515564,0.6154953645003269,1.9685893088515976,0.8482786803738026,0.0,-0.8482786803738026,0,1
189,-0.9118831519739015,0.0,0.19473290539110463,-1.4535850237944885,-0.9338963562817614,1.9078437617440547,0.10983202461936632,-0.6792756158144635,-0.16390455940541032,-0.9087588770566224,0.9142828486651791,-0.7176959042415064,0.8482786803738026,0.0,-0.8482786803738026,0,1
190,0.2741684225022473,0.0,0.2896611713584435,0.7542265167066955,-0.014997352916916732,-0.16054575745047323,-0.9461314240989834,-0.5191769215752922,-1.9314399841262426,-0.9087588770566224,-1.0131724422829456,1.4171471067868033,-1.178857871990064,0.0,1.178857871990064,1,0
191,-0.4140754298563689,0.0,-0.962101349544739,-1.0963756611289284,-1.4010885067161476,-0.03384315489267475,-0.31619486607234953,1.5225079515054794,-0.42992265834909804,-0.9087588770566224,-0.43457186167250317,-0.7176959042415064,0.8482786803738026,0.0,-0.8482786803738026,1,0
192,0.12226276073570441,0.0,-0.49533161985858376,2.5260235538818283,-0.17846504633937824,-1.17718803457408,0.666984659795431,-1.5502168647253822,0.10371610227475123,-0.9087588770566224,-0.5371631101063278,-0.7176959042415064,0.8482786803738026,0.0,-0.8482786803738026,1,0
193,-0.4140754298563689,0.0,0.6795627274062396,-0.11209540810229597,-0.6613547485506419,1.0171250194345183,0.8289699778510633,-0.3469078161172064,0.9108001797857808,-0.9087588770566224,-0.5409529484990543,-0.7176959042415064,0.8482786803738026,0.0,-0.8482786803738026,0,1
194,-0.015252667350532339,0.0,0.6754188035045103,0.705331022736224,-0.15910238619366582,1.0328089489617926,0.8888305049601117,-0.33677710311805964,0.4469535606145187,-0.9087588770566224,-0.9393400865715521,-0.7176959042415064,-1.178857871990064,0.0,1.178857871990064,1,1
195,-0.5036232256891424,0.0,0.6954069306291163,-1.5307224092354392,-0.15306997222040963,0.5741875185644824,-0.26686335522370325,1.051864257796834,-1.2195939718107323,-0.9087588770566224,-0.6169604139295164,-0.7176959042415064,0.8482786803738026,0.0,-0.8482786803738026,1,0
196,-0.24116131954232747,0.0,0.0007472005921815611,0.4277444948643174,-0.4279865746425719,1.7195196723834203,0.10338296038994024,-0.7007777303334262,-1.846158315365715,1.1004019055515564,-1.2278666500949758,1.8969421247415936,-1.178857871990064,0.0,1.178857871990064,1,1
197,0.7520770235289252,0.0,0.14270016462263468,0.7902743794028403,-0.5116464727975533,0.3747191750634313,1.400383655964601,1.4904773975928058,-0.31105064387416365,1.1004019055515564,-0.877031720817997,-0.7176959042415064,-1.178857871990064,0.0,1.178857871990064,1,1
198,-0.861204763389531,0.0,-0.2672956888879985,-0.11209540810229597,0.11265170777704663,0.7814879944379969,-0.6304730342859788,0.5761751846000525,0.154771401236097,-0.9087588770566224,-0.33557893837728453,1.8632034463575171,0.8482786803738026,0.0,-0.8482786803738026,0,0
199,-0.0756155017676573,0.0,0.011469985113510613,-1.4798120506781276,0.5175392812011094,-1.2533669803873997,-0.20965351247708724,0.14187556191775563,-1.679186045358656,-0.9087588770566224,-0.14330930862312344,-0.7176959042415064,0.8482786803738026,0.0,-0.8482786803738026,0,1
200,0.02450197759101991,0.0,1.2922105617307869,-0.6864227917171966,1.0336581700597112,0.31557008422931604,-0.2517057074492601,1.3102918139251496,0.12118088501771887,-0.9087588770566224,-1.2116713739759644,-0.7176959042415064,0.8482786803738026,0.0,-0.8482786803738026,0,1
201,-2.508103912232198,0.0,0.7417181670164337,0.15577964802451463,-0.6289951064254209,-1.4727802404761436,-0.7740310568344492,-0.5109332656490944,1.8360647031513526,-0.9087588770566224,-2.075192692660987,-0.7176959042415064,-1.178857871990064,0.0,1.178857871990064,1,1
202,0.3297992333097662,0.0,-0.8096239572251657,-0.748880183053422,0.5565492011721288,-0.603412776587129,-0.06195769238645057,0.7127212029759386,-1.1315837793137864,-0.9087588770566224,-0.4106789191063367,-0.7176959042415064,0.8482786803738026,0.0,-0.8482786803738026,1,1
203,-0.24116131954232747,0.0,-0.7434409600851104,-0.36815832040485585,-1.0502641743585068,-0.450898305028889,0.5147322386070418,1.355401744792181,0.017414607691643668,1.1004019055515564,0.14878342421633234,-0.7176959042415064,0.8482786803738026,0.0,-0.8482786803738026,1,0
204,-0.22008473409473994,0.0,0.06568132001040418,-0.8361632951946641,-0.2545245887954369,0.8009441255674764,0.018367912267706996,-0.4534631635149334,-0.948081249796162,-0.9087588770566224,0.2140536011488535,-0.7176959042415064,0.8482786803738026,0.0,-0.8482786803738026,1,1
205,-0.39202367885396827,0.0,1.2922105617307869,-0.26316350143427925,2.022320109716668,0.06925165242765355,-1.3054813401527523,-1.7577155293908224,-1.7195565574373504,1.1004019055515564,1.6290142951414717,-0.7176959042415064,-1.178857871990064,0.0,1.178857871990064,1,1
206,-0.24116131954232747,0.0,0.18849245375681228,-1.5474914769763422,-0.23986974537960454,1.3399942563956937,1.7339903227899338,-0.16526930209655785,0.9516355523040535,-0.9087588770566224,-0.5519335922736963,-0.7176959042415064,0.8482786803738026,0.0,-0.8482786803738026,1,1
207,1.0462259910625147,0.0,0.7417181670164337,-1.4882643785446408,1.732838513623205,0.515442268113412,0.5594432041266504,1.576254075519735,1.0495054557901764,-0.9087588770566224,-1.3276304096401161,-0.7176959042415064,0.8482786803738026,0.0,-0.8482786803738026,1,1
208,0.14154642253836325,0.0,0.3615989602738936,0.33978824766525056,1.2857044841365441,-1.3191745280416665,0.433461228792642,0.5264408973752968,-0.6117268677580027,-0.9087588770566224,-0.14608223377592597,1.0408905710784548,0.8482786803738026,0.0,-0.8482786803738026,0,1
209,0.17985489596230853,0.0,0.9447790227777251,0.1090938536324424,0.9638804995401014,0.006178171292763191,-0.5088998479381673,-1.0576667708659047,-1.0547300759506364,1.1004019055515564,0.7463848899168246,-0.7176959042415064,-1.178857871990064,0.0,1.178857871990064,0,1
210,1.2333699817380919,0.0,-0.5383881381954826,-1.0988211168419768,1.3419109001260818,1.1482200349387501,-0.4486754877845067,0.2731422534258516,-0.20276251950762944,1.1004019055515564,0.04620283024788159,-0.7176959042415064,-1.178857871990064,0.0,1.178857871990064,1,1
211,0.4569812813172093,0.0,0.9035617870477174,-1.6587743770801775,0.013643465205332786,0.5061211437853891,0.8410810195149511,-0.8693842178116219,2.3880769065659666,-0.9087588770566224,-0.12655630392164383,-0.7176959042415064,0.8482786803738026,0.0,-0.8482786803738026,1,1
212,-0.7136775745269065,0.0,0.923224854590353,2.851588771519043,0.15511071005898872,1.161247742771926,0.582074385470499,0.6671489132845309,0.7449344745717591,-0.9087588770566224,-1.0357317903066734,-0.7176959042415064,-1.178857871990064,0.0,1.178857871990064,1,0
213,0.0834306632051507,0.0,-1.6946742987680317,1.5759336337851568,1.8632411967481424,-0.49133199414893347,1.641412818145188,-0.13135659327589666,-0.6820751406835599,1.1004019055515564,0.2571875473353667,-0.7176959042415064,0.8482786803738026,0.0,-0.8482786803738026,1,1
214,-0.0756155017676573,0.0,1.4285479743609415,1.4322353852077818,-1.04707533241592,0.15381783236633148,-0.8487254875961788,0.16211447287344616,-0.2558141796905349,1.1004019055515564,-1.0940983360003258,-0.7176959042415064,0.8482786803738026,0.0,-0.8482786803738026,0,1
215,-1.630618582620665,0.0,0.6307566067252955,0.4145847739277152,1.6869367691632269,-2.078242981445564,0.5675303376570056,1.8670252701869217,0.021703678009075987,1.1004019055515564,0.8307735853116356,-0.7176959042415064,-1.178857871990064,0.0,1.178857871990064,1,0
216,0.3481892580755821,0.0,-1.7924100814368054,-0.39858703937325357,-0.6058026870396849,-0.17672854051619116,-0.4960810139588986,0.40275727167468556,0.03575660722992099,-0.9087588770566224,1.5713534703938707,-0.7176959042415064,-1.178857871990064,0.0,1.178857871990064,0,1
217,0.06387977573665872,0.0,-0.9089437814585113,1.3252774101915963,0.41710205368506204,-1.605523253767861,0.45069132358703984,-0.21818145809490583,-1.6653641959859307,1.1004019055515564,-0.7849739160206354,-0.7176959042415064,0.8482786803738026,0.0,-0.8482786803738026,0,1
218,-0.5722629901134891,0.0,0.0035818922059904566,-1.34628472211547,-0.8006993299470045,0.9182533840897438,-1.378685342858635,-1.1871391836978935,-0.683975302683752,-0.9087588770566224,0.08622039571715734,-0.7176959042415064,0.8482786803738026,0.0,-0.8482786803738026,1,0
219,0.7520770235289252,0.0,-0.00510239563098439,-0.9656683743481577,-1.6066804080932848,-0.5533809171277306,-0.820276094847116,1.2883563551492279,0.040899789304291535,-0.9087588770566224,2.783951719303443,-0.7176959042415064,0.8482786803738026,0.0,-0.8482786803738026,0,1
220,-0.15752591196065913,0.0,-1.1464631895705821,0.4873692074200636,0.4038650821238448,-0.6351247766591932,0.11164283948133899,0.18259292192440216,2.4274670920500583,1.1004019055515564,-1.2623365772045552,-0.7176959042415064,0.8482786803738026,0.0,-0.8482786803738026,0,0
221,1.0778837103455206,0.0,-0.595747084120879,-1.2413144326188006,-0.6195815604266546,0.8482885513258119,0.8952176481196937,1.3757199944082534,-0.7041032250960312,-0.9087588770566224,0.30715396054025923,-0.7176959042415064,0.8482786803738026,0.0,-0.8482786803738026,1,0
222,-0.28366097302663773,0.0,-0.00510239563098439,-1.3898668170594874,-0.8150023663319452,-0.2296188410213245,0.6505298633956611,0.2573040905257024,-0.41596614986085306,-0.9087588770566224,-0.39106684009962833,-0.7176959042415064,0.8482786803738026,0.0,-0.8482786803738026,0,1
223,0.04423731352148897,0.0,0.46309714014628767,1.9335712803425866,0.287288617475718,0.7545543268826413,1.3580892970817389,1.9242084850270171,0.6679740535173072,-0.9087588770566224,-0.8557931283897504,-0.7176959042415064,0.8482786803738026,0.0,-0.8482786803738026,0,1
224,0.9500692179708626,0.0,1.2494125127564806,1.1234423768484199,-0.07968069637442639,0.03505955477455023,1.0363296633115247,0.49924087869620526,1.814356709377823,1.1004019055515564,-0.16479381975324472,1.5392351061064211,-1.178857871990064,0.0,1.178857871990064,0,1
225,1.8009434281155858,0.0,0.8307067561588479,-0.054196624493676494,-0.13545009344633716,-0.45294346885394143,0.5534130969512849,-0.34389412092207583,1.6814775670850104,1.1004019055515564,1.1029615326745337,1.7693209397618812,0.8482786803738026,0.0,-0.8482786803738026,1,1
226,1.263929390529439,0.0,0.6954069306291163,0.8040689357636741,-0.5980248921811478,1.2979078430738389,0.4336475209160014,-0.06415624105328951,0.34637972948007645,1.1004019055515564,0.6606317674263528,-0.7176959042415064,-1.178857871990064,0.0,1.178857871990064,0,1
227,-0.3483059447671808,0.0,-1.1398131491904062,-0.7368500896803759,-1.2703747947086825,-1.2622157072067768,1.6071623929659828,0.4369718953387453,-0.5646273126546683,-0.9087588770566224,0.3557094637853312,1.0408905710784548,0.8482786803738026,0.0,-0.8482786803738026,1,1
228,0.04423731352148897,0.0,0.16118539746041768,0.3776974771692351,1.5379486618454088,0.4904807159182893,2.020098602746064,-1.0866438469132669,0.40929438753278,1.1004019055515564,2.044306627083591,1.4756467876457213,-1.178857871990064,0.0,1.178857871990064,1,1
229,0.16074341488209543,0.0,-0.09675974928022144,-0.2565296938014793,1.3833710973570073,0.2609441003456622,0.3290112979716844,-0.02670781879454391,0.5832315573511724,1.1004019055515564,0.07095895634375926,-0.7176959042415064,-1.178857871990064,0.0,1.178857871990064,0,0
230,-0.4140754298563689,0.0,-1.8745585824395268,0.9757156877910796,1.3858076997560247,-1.0308117050573526,-0.9232544557673493,0.5528253201370783,-0.39932562212581285,1.1004019055515564,0.4504463784725912,-0.7176959042415064,-1.178857871990064,0.0,1.178857871990064,0,1
231,-2.508103912232198,0.0,0.7278111971847904,1.294589075550622,1.6899245841679758,-0.32393105912399534,1.176181526484202,-0.627122525195401,-0.4078213761197118,1.1004019055515564,0.0495093135968789,-0.7176959042415064,0.8482786803738026,0.0,-0.8482786803738026,0,1
232,-0.5722629901134891,0.0,-0.047815432337168215,2.041260939529256,1.2752180394517185,-1.3407594124407092,1.1239045747140317,2.500984990830601,-2.0296903848730588,1.1004019055515564,-1.0127719601371552,-0.7176959042415064,-1.178857871990064,0.0,1.178857871990064,1,0
233,-2.3166930391155174,0.0,-0.6195078371729591,1.943060209190037,0.6576696237976348,-0.6989191987244695,0.6329769732557743,1.466098266596152,1.3954121099377774,-0.9087588770566224,-1.7338156624692074,1.5392351061064211,0.8482786803738026,0.0,-0.8482786803738026,1,1
234,-0.6897047521475665,0.0,-2.279880489468548,-0.9506455319380942,-0.2539903952523228,-1.5051344433105656,-0.03331363320644124,2.2989914873834487,0.6038768606869958,-0.9087588770566224,-0.7222397923975444,1.1072755281270197,0.8482786803738026,0.0,-0.8482786803738026,0,1
235,-0.4140754298563689,0.0,-0.9089437814585113,-1.5976799952584648,-0.507459364992964,2.1385194621858004,0.9132164152186303,0.7607156378776334,1.1665060736062223,-0.9087588770566224,1.450541260542168,-0.7176959042415064,0.8482786803738026,0.0,-0.8482786803738026,1,0
236,-0.861204763389531,0.0,-1.4109236891242454,-1.3417663718873638,0.6445047690561609,0.5190307932603697,-0.1250921901962363,0.09316905149029037,-0.6216816221977044,-0.9087588770566224,-0.040772173887129566,-0.7176959042415064,0.8482786803738026,0.0,-0.8482786803738026,0,1
237,0.3481892580755821,0.0,0.8847439222550266,-1.6042609007341637,-0.2523326250366587,-1.963443998798595,-1.3583546767798274,-1.0460449590372096,-1.3378075723832534,-0.9087588770566224,0.7980644113992957,1.2662572082106824,0.8482786803738026,0.0,-0.8482786803738026,0,0
238,-0.11636173541517865,0.0,0.16118539746041768,-0.6607666577888675,-0.6922782210703813,0.6582230145394944,0.9667132284764043,0.062317367969841275,1.2058708111315077,-0.9087588770566224,-0.0420293235250579,1.7693209397618812,0.8482786803738026,0.0,-0.8482786803738026,0,1
239,-0.6187682560860228,0.0,1.4894828634950361,-0.212218264293082,0.3127679463795069,-0.9003215447836875,-0.4575446382029882,1.891539305463314,-0.4703594732862687,-0.9087588770566224,-0.6952088357236382,-0.7176959042415064,-1.178857871990064,0.0,1.178857871990064,1,1
240,-0.3483059447671808,0.0,-1.065089337975255,-0.7121291236596943,0.37374380008825486,-1.5432777596826865,-0.23747941202403888,-1.302397967230087,-1.572722584786741,-0.9087588770566224,0.4723917362806915,-0.7176959042415064,-1.178857871990064,0.0,1.178857871990064,1,0
241,-0.2623527663176929,0.0,-0.4083213674186194,0.5676846307663505,-0.15124229643154508,0.05600016731003058,1.560501147873349,-0.9749140335222063,0.4975650827533677,1.1004019055515564,-1.5955682291374937,-0.7176959042415064,0.8482786803738026,0.0,-0.8482786803738026,0,1
242,1.294316629527268,0.0,0.2399402562671006,-0.11209540810229597,1.0495284540485337,1.1433535982774503,0.8697815137010015,-0.8526504370775032,-0.22937434095703021,-0.9087588770566224,-0.6272774939401806,-0.7176959042415064,0.8482786803738026,0.0,-0.8482786803738026,0,1
243,0.02450197759101991,0.0,-0.7679057847894967,0.26561721852235076,0.423130773406014,0.4047737817325234,-0.06532716108229297,-1.123839744191699,0.1282708764889202,1.1004019055515564,0.8661973257211679,-0.7176959042415064,-1.178857871990064,0.0,1.178857871990064,1,0
244,-2.228199189870104,0.0,0.5212907081855088,-0.777688733407743,0.4004956711809891,-0.7783295087075706,-1.1742079145614195,-1.030617532211931,-0.2396751981051167,1.1004019055515564,0.3752834572208861,0.6254467023050456,-1.178857871990064,0.0,1.178857871990064,0,1
245,1.6748927807122445,0.0,1.7664822488381187,0.6978906000493579,-0.44446564074671435,-0.3408068142571589,-0.19537490438914282,-0.49896006060172976,-0.6376177365910647,1.1004019055515564,-0.4480237620443251,1.6086953321076163,-1.178857871990064,0.0,1.178857871990064,1,0
246,-2.6680192373915923,0.0,0.2757189999002269,0.47293438386339787,0.8546297520497278,-2.496019858055135,-0.06086718068482925,-1.2896383350521674,-1.870531728074931,1.1004019055515564,1.1446001516679738,-0.7176959042415064,-1.178857871990064,0.0,1.178857871990064,1,1
247,-2.1026891771547747,0.0,-0.016799347845394972,-0.723688488805335,-0.8690785520226008,-0.5657409662495543,-0.7864969234683841,-0.18835277368335904,-1.1144605499164049,-0.9087588770566224,-0.6931381348615806,-0.7176959042415064,0.8482786803738026,0.0,-0.8482786803738026,1,0
248,-0.3701012669814068,0.0,-0.4731155612449434,-0.35428212208151816,0.47704913506960545,0.43744323430731163,-1.4470528509686598,-0.4223480007862921,-0.08655817307687562,1.1004019055515564,0.9397243071718713,1.3630916744530608,-1.178857871990064,0.0,1.178857871990064,0,1
249,-0.7621351397691567,0.0,0.498932426156158,-0.4249691466212346,1.585462782853434,-0.8053671816622374,-0.42237462784005575,-0.5496480277178987,-0.38656242165271126,1.1004019055515564,1.79965556217655,-0.7176959042415064,-1.178857871990064,0.0,1.178857871990064,1,1
250,-0.24116131954232747,0.0,1.3557228307316334,-0.1850556676527167,0.017707141140783065,-0.5374169959539866,0.4589884799128543,-0.921689761493842,0.04873943593768546,1.1004019055515564,0.14608316085328174,1.0408905710784548,-1.178857871990064,0.0,1.178857871990064,1,1
251,0.3665040670705757,0.0,-2.7100459682860487,-0.7591674023561193,0.9723849720314661,-0.05228975128939542,-1.2067083337562667,0.5640288937030058,0.00820891581092405,-0.9087588770566224,0.5365455133797531,1.4756467876457213,-1.178857871990064,0.0,1.178857871990064,1,0
252,0.8685256873005619,0.0,-0.34070921219005584,-0.9346806524419606,0.054612678624013165,1.021027384371241,2.077394839875273,0.4939286895973662,0.7471762251350791,-0.9087588770566224,-0.2309648107855875,-0.7176959042415064,0.8482786803738026,0.0,-0.8482786803738026,0,1
253,-1.9845097188298984,0.0,-0.2704169366704923,-0.30439213098940804,-0.8387556231855063,-0.21203764057982458,-0.6236601583897107,-0.8954723969163927,0.11764883601870921,1.1004019055515564,0.11491297865150926,-0.7176959042415064,0.8482786803738026,0.0,-0.8482786803738026,1,0
254,0.6842703988932848,0.0,0.5420557342479044,-0.40299645154475816,-0.8160867120506584,-0.2960048450455485,-0.5740594615007366,-0.1658545955257201,-0.7901149772551935,1.1004019055515564,0.9797159463014005,-0.7176959042415064,0.8482786803738026,0.0,-0.8482786803738026,1,0
255,-0.6897047521475665,0.0,-0.1798397587082581,-0.28601793516042795,-2.042820711624978,1.207698641431524,-1.066510393471204,0.9167862551603839,2.605624337232704,1.1004019055515564,0.08454965975083352,1.2662572082106824,0.8482786803738026,0.0,-0.8482786803738026,1,0
256,-0.43625883661264303,0.0,0.1422748643833447,-0.11209540810229597,-0.6811954558522693,0.3895749882166663,-0.9458733361841148,-0.4070069569661025,0.7724503834093873,-0.9087588770566224,0.5519978855081704,-0.7176959042415064,0.8482786803738026,0.0,-0.8482786803738026,1,0
257,1.5749281354734705,0.0,1.0104262299037994,1.1506461233959018,1.2710895142125644,0.1687349806338419,0.18917763952590583,1.0466544821014363,0.04388641277842193,1.1004019055515564,-2.2583262917782108,-0.7176959042415064,0.8482786803738026,0.0,-0.8482786803738026,1,0
258,-0.19912116227268573,0.0,0.3615989602738936,-1.0577335515523054,-0.21069054503695694,0.22037952870567523,-1.0256444503634128,-0.10145452838395161,-0.5764838528351213,-0.9087588770566224,-0.8941609197072332,1.9685893088515976,-1.178857871990064,0.0,1.178857871990064,0,1
259,1.5315458253602414,0.0,0.42380986680539645,0.12868314958292243,-1.385721563260448,-0.37932554365530813,-0.9618370544473915,-0.5998174492793239,1.402763623018709,1.1004019055515564,0.08149624082578139,1.0408905710784548,0.8482786803738026,0.0,-0.8482786803738026,0,0
260,-0.4810302368450808,0.0,-1.4947350290726276,0.4994691083275317,-0.822390448739433,-1.5980375881734143,-0.7363239150832874,1.2321229288052673,-1.8028730302238305,1.1004019055515564,-0.8298455567093693,1.0408905710784548,-1.178857871990064,0.0,1.178857871990064,1,1
261,0.7856295824963242,0.0,0.16811656185125756,1.18403412786618,-0.690162378631852,-0.24899390631078167,-1.5367563446308454,0.02517390206021475,-0.1669690831704136,1.1004019055515564,-0.2108479947087327,-0.7176959042415064,0.8482786803738026,0.0,-0.8482786803738026,1,1
262,0.06387977573665872,0.0,-1.354761396357723,-0.4837708931391003,-0.7597156295363101,0.20552805959318549,-0.34291156008558227,-1.5684793211042232,-0.5184205739649824,1.1004019055515564,-0.3022129363439672,-0.7176959042415064,-1.178857871990064,0.0,1.178857871990064,1,1
263,-0.5954391316922852,0.0,-0.6367623667781488,-0.11209540810229597,0.05995837867758143,1.142595499667235,0.13197112596187824,-0.0447743851642604,0.2120730408595809,-0.9087588770566224,2.0955999357203687,-0.7176959042415064,0.8482786803738026,0.0,-0.8482786803738026,0,0
264,-0.7621351397691567,0.0,-0.24884714552858772,-0.11209540810229597,-0.318174253413544,0.44405149764375984,0.6352921129694805,-0.5535706003877295,-0.80255350506326,-0.9087588770566224,-0.19104124315442972,-0.7176959042415064,0.8482786803738026,0.0,-0.8482786803738026,1,1
265,-0.4140754298563689,0.0,1.8082389720158456,-1.1595188337309337,-0.18097090616353045,0.6468976630383989,-0.3158339955723433,0.55131176957387,0.572780331957718,-0.9087588770566224,2.822550278203998,0.878195317845719,0.8482786803738026,0.0,-0.8482786803738026,1,1
266,-0.17826880538703696,0.0,-1.7629581363480966,-0.8624163301869945,0.3769056754967183,-0.6736936233318231,1.068951980892722,0.27011140745182954,0.23840653973217793,1.1004019055515564,-0.4173339701967854,-0.7176959042415064,-1.178857871990064,0.0,1.178857871990064,0,1
267,-0.22008473409473994,0.0,0.45010313470848806,1.0286986184242874,1.1955111258647306,1.0435523077999405,1.3351561034069084,-0.21329846022057553,0.3811735782440489,1.1004019055515564,1.869638197662538,1.0408905710784548,-1.178857871990064,0.0,1.178857871990064,0,1
268,-0.6897047521475665,0.0,-1.4947350290726276,-0.30354546250826636,-0.9385350586914296,1.9914825871122044,0.40755252718593304,-0.4769830763658572,1.0405217049677438,1.1004019055515564,0.846112457331546,1.1817945861377774,0.8482786803738026,0.0,-0.8482786803738026,0,1
269,-1.502375079191393,0.0,0.45010313470848806,-0.6724067782285209,-1.1584840430213887,-2.5304484486235066,-0.8309703471576562,0.06856999087678131,-0.8394759839528788,-0.9087588770566224,-2.4776110619373597,-0.7176959042415064,-1.178857871990064,0.0,1.178857871990064,0,1
270,-1.9092148970730343,0.0,-1.029302543584734,1.1165062964613555,0.6985025311331672,-0.48184272269039125,-0.4487096748785119,0.6004098352906698,-1.1034344691617877,1.1004019055515564,-0.3673381452316412,-0.7176959042415064,0.8482786803738026,0.0,-0.8482786803738026,1,1
271,-0.13689077601150926,0.0,-1.904739921236443,-1.3357405682036363,-1.066321225942115,1.0883494501289808,0.9696285250365786,-0.8026735588819941,1.3980629431505125,-0.9087588770566224,0.704790665742901,-0.7176959042415064,0.8482786803738026,0.0,-0.8482786803738026,0,0
272,-0.28366097302663773,0.0,-0.12575170763103674,1.3234083909952656,-0.04539383943696833,-0.3651606799146992,-0.6258544122068865,2.6856494573591774,-0.9956569890360124,-0.9087588770566224,-0.020819115171046315,-0.7176959042415064,-1.178857871990064,0.0,1.178857871990064,1,1
273,1.5460434385420365,0.0,-0.5227610034329658,2.095010906373962,0.2147714162791082,0.669387448642788,0.10438198476936313,-1.1913431726616759,-0.9505495689914314,-0.9087588770566224,-1.8187846161197398,-0.7176959042415064,-1.178857871990064,0.0,1.178857871990064,1,0
274,-0.5722629901134891,0.0,-0.699667078809264,-0.11209540810229597,-0.11750692692853593,0.8897581769680332,0.8755464254527892,-0.3368141854679316,0.39255196021085487,-0.9087588770566224,1.0077336017720526,1.6086953321076163,0.8482786803738026,0.0,-0.8482786803738026,0,1
275,0.8685256873005619,0.0,1.1551673999249004,-0.11209540810229597,1.1282269492366352,-0.3189481154106953,0.11890334336735797,-0.17188373790963885,1.443861723609147,-0.9087588770566224,-0.1609558475621184,-0.7176959042415064,0.8482786803738026,0.0,-0.8482786803738026,0,1
276,0.10289124489517879,0.0,-0.18151915633276758,0.6945961669873439,0.9950586119825757,-1.5325551918910663,-0.7258417072538058,-1.6391428347562746,-1.8194081258142651,1.1004019055515564,-0.3440065318337502,-0.7176959042415064,-1.178857871990064,0.0,1.178857871990064,0,1
277,-0.39202367885396827,0.0,-0.07641870331507751,1.5085880656194735,1.4989628177488996,-0.3041625063136598,0.016865301571150675,1.2913118957199312,0.6412817026167091,1.1004019055515564,0.1200979849896029,-0.7176959042415064,0.8482786803738026,0.0,-0.8482786803738026,1,0
278,-2.847728892703474,0.0,-0.0661023012112151,0.15577964802451463,1.0025834881235562,-0.9226232305984937,-2.443241653800049,-0.6234569603561383,-0.7701063848084708,-0.9087588770566224,-1.8291592775370076,-0.7176959042415064,-1.178857871990064,0.0,1.178857871990064,1,1
279,-2.61283981433245,0.0,1.1551673999249004,0.7941113735927035,0.05067708265582146,-1.7764046082119727,0.0321087084952421,-0.1867522806075921,-1.3843011794550883,1.1004019055515564,1.028324648440147,-0.7176959042415064,-1.178857871990064,0.0,1.178857871990064,0,1
280,-0.24116131954232747,0.0,0.6288981968660272,0.6001446571899572,0.15360432067794794,1.017331714136834,-0.3906409885430988,1.0330255513976427,1.7895100888355264,1.1004019055515564,-0.7064899713508092,-0.7176959042415064,0.8482786803738026,0.0,-0.8482786803738026,1,1
281,-0.24116131954232747,0.0,0.1855110176009303,-0.6479106389508474,-1.3543810864757995,0.2880438370495546,-0.3295031134313852,1.1282668195837462,-0.18581696032084963,-0.9087588770566224,-0.10187853637548651,-0.7176959042415064,0.8482786803738026,0.0,-0.8482786803738026,0,1
282,-2.4581950776358736,0.0,0.3779457624867316,1.2377893698413862,0.10599374792617446,0.8037085084069966,-0.9004336612372479,0.3783940966756369,-1.049101395350326,1.1004019055515564,-0.412889911355659,-0.7176959042415064,-1.178857871990064,0.0,1.178857871990064,1,1
283,1.5315458253602414,0.0,-1.3537595546498469,0.042766267664488086,0.876723866217165,-0.5700713735089165,-0.22667136810955532,-0.02885151037402949,0.07300217826409622,1.1004019055515564,1.4479829402005684,-0.7176959042415064,-1.178857871990064,0.0,1.178857871990064,0,1
284,-1.630618582620665,0.0,0.05392098213393904,-1.446513833563337,-0.7874897075005813,-1.2820774774226535,-1.09608652262882,-0.07394887315194168,-0.059545202559687656,-0.9087588770566224,-0.8665569890273914,1.0408905710784548,0.8482786803738026,0.0,-0.8482786803738026,0,1
285,-2.847728892703474,0.0,1.2736455246783744,0.3492302544454572,-1.3161993256732623,0.28196916932073934,-1.468852176533962,-0.769606613443479,1.495701240513295,1.1004019055515564,-1.8963128540965755,0.8121295490859088,-1.178857871990064,0.0,1.178857871990064,1,1
286,0.6327819318847958,0.0,-0.016799347845394972,-0.3165081609323157,1.0721315857901903,0.7290208483218322,0.27954095675034185,0.21972445246452557,0.19556070029332928,1.1004019055515564,-0.35059490765388973,1.6849906331299696,-1.178857871990064,0.0,1.178857871990064,1,1
287,0.6327819318847958,0.0,0.8615869362038631,-1.6098706074636082,-0.5253257024684047,0.9772697733008259,1.26019429014252,0.6264829433861817,1.7363012482924376,-0.9087588770566224,0.25860896965146796,-0.7176959042415064,0.8482786803738026,0.0,-0.8482786803738026,0,1
288,1.414200268470623,0.0,-1.316004446165707,-0.11209540810229597,-1.2796099864315251,1.9382171312801746,-0.4490258779864711,-1.50692200896884,0.1814164958204685,-0.9087588770566224,0.29956241619113116,-0.7176959042415064,0.8482786803738026,0.0,-0.8482786803738026,1,0
289,0.7856295824963242,0.0,0.0386759825215633,-0.6140547306906875,0.15414408882072883,-1.0135923544683805,-0.9234662831109277,-0.4533587384118355,-1.1018095647064945,-0.9087588770566224,-0.6670435026311792,0.6543347944341906,-1.178857871990064,0.0,1.178857871990064,0,0
290,-1.765809034843984,0.0,0.9366150942004775,-0.6761507734216752,2.3437310831581875,-0.9897288223743534,0.14985242580017194,-0.23318619636090787,-1.2216904829315538,-0.9087588770566224,0.3815547115350675,1.6849906331299696,-1.178857871990064,0.0,1.178857871990064,0,1
291,0.6842703988932848,0.0,-0.9045201704933293,0.06301124779869477,-0.720395035808948,1.1657306277141426,-1.2048408888257913,1.4995436399061979,-0.8294362255199285,1.1004019055515564,-0.9213322597214489,-0.7176959042415064,-1.178857871990064,0.0,1.178857871990064,1,0
292,0.8520568170269008,0.0,0.463087383604837,0.051138971306848635,1.9878780028814378,0.14752985224889634,-1.175605809330734,-0.10782562021625443,-1.1993090778612556,-0.9087588770566224,2.2673531933740128,1.6849906331299696,0.8482786803738026,0.0,-0.8482786803738026,0,1
293,-0.39202367885396827,0.0,0.35419981785324806,-1.3072428394853703,0.4630366672782028,0.3015640375958708,1.0862054424008059,-0.9420290128298864,0.5956703977374918,-0.9087588770566224,-0.32958695103338626,1.8632034463575171,0.8482786803738026,0.0,-0.8482786803738026,1,0
294,-0.13689077601150926,0.0,0.7617397559678813,-0.11209540810229597,0.45928916859148494,-0.20726917308252166,1.092842399092833,-0.5845448134033774,1.203200898457406,-0.9087588770566224,0.4170117571822822,-0.7176959042415064,0.8482786803738026,0.0,-0.8482786803738026,1,1
295,-0.0959371703424433,0.0,-0.3321518588520879,-0.2301051504953563,-0.9894896636957574,0.024753969874785987,-0.7098211630697522,-1.6128740517044746,0.405517152180835,1.1004019055515564,0.871306698971237,-0.7176959042415064,-1.178857871990064,0.0,1.178857871990064,1,0
296,-1.6637212927821614,0.0,0.462501029311666,-1.249711660333362,2.481275398941417,-0.1351146959914816,-0.7560466048278713,-0.39684476006258657,0.7923483362979549,-0.9087588770566224,-1.4587518726026552,-0.7176959042415064,0.8482786803738026,0.0,-0.8482786803738026,1,0
297,-0.3701012669814068,0.0,0.5140699448747621,0.3693499926725477,-0.6956972945882167,-0.2943759625749822,0.41184467488012677,-0.29601242348399,-0.19659783675988246,1.1004019055515564,0.2041730855773327,2.13153983132742,0.8482786803738026,0.0,-0.8482786803738026,1,1
298,0.4569812813172093,0.0,-0.7444433288131808,1.3122844091317218,0.5528704511845839,-0.8763903864874691,1.5115258508207203,0.32526348244583386,0.4209367071194807,1.1004019055515564,-0.184858405638097,1.6086953321076163,0.8482786803738026,0.0,-0.8482786803738026,0,1
299,1.0143734495287957,0.0,-1.1586716988175287,-0.709744691586031,0.5807591566237603,-0.058926546923365714,-0.8556963579811647,1.7217019518623131,-0.2515930373312924,1.1004019055515564,-0.17572294008071598,-0.7176959042415064,0.8482786803738026,0.0,-0.8482786803738026,1,1
300,1.3094465877372323,0.0,-0.2748920314418985,-0.16430334679935854,1.0226199638798958,-0.06372550706347246,0.3237722187030034,-0.9297611298633164,0.2103047172716242,1.1004019055515564,-0.5595806140091387,-0.7176959042415064,-1.178857871990064,0.0,1.178857871990064,0,1
301,2.369529770997969,0.0,0.8236286895695643,-0.5475662033388761,0.4027749785835093,1.7166500196692966,0.7873186127626022,-1.344302754122011,-0.31667401283024604,1.1004019055515564,-0.021613064400364004,-0.7176959042415064,-1.178857871990064,0.0,1.178857871990064,1,0
302,0.5632519987022695,0.0,-0.404024593767564,-1.0344302655032964,-0.48783584840076993,-2.3636666032255627,-2.0859262301938712,-2.1273252662777713,-1.3381491819038958,-0.9087588770566224,1.9942046736911336,-0.7176959042415064,0.8482786803738026,0.0,-0.8482786803738026,0,1
303,0.02450197759101991,0.0,-1.9659233458020324,1.0200020855442542,-1.040154658189265,-1.2191788425122596,-0.593692518340524,0.16865501384110287,-1.1883810095231693,-0.9087588770566224,0.8067958414558006,-0.7176959042415064,-1.178857871990064,0.0,1.178857871990064,0,1
304,-0.3050878911637527,0.0,0.3459881683542705,-0.9310786088129825,-1.4216973865011038,-0.11692563101795272,-0.0024878554476477142,1.237514386713176,0.18729627346881988,-0.9087588770566224,-0.8709036431729911,1.0408905710784548,0.8482786803738026,0.0,-0.8482786803738026,1,0
305,1.2333699817380919,0.0,0.787543101231616,-0.95722591651902,0.7345716578062507,0.44356357683024145,-2.7987702789297475,-0.9317110222858161,-1.5072110114520245,-0.9087588770566224,-0.6612984563533079,-0.7176959042415064,-1.178857871990064,0.0,1.178857871990064,0,1
306,-0.43625883661264303,0.0,-1.354761396357723,-0.11411534349346301,-0.056487373282963965,-0.35755785915115157,-0.48946285889634217,0.15410666455510252,-0.5839412912910024,-0.9087588770566224,0.5959876095390885,-0.7176959042415064,0.8482786803738026,0.0,-0.8482786803738026,0,1
307,0.16074341488209543,0.0,0.9012740111259759,0.8601695851138651,0.7143379364199031,-0.2003567451720197,2.2186047149269332,-0.1683670229191261,-1.477721476331288,1.1004019055515564,-0.1351720360457064,0.9812600393994892,0.8482786803738026,0.0,-0.8482786803738026,1,1
308,1.1093501390616367,0.0,0.7342334921929924,-0.04829790004520609,-0.8137738846792497,-1.3268403649884504,-2.1059796752525473,-1.2633163966274104,-1.3852967388348443,-0.9087588770566224,0.42501370254887993,-0.7176959042415064,-1.178857871990064,0.0,1.178857871990064,0,1
309,-0.15752591196065913,0.0,-1.3547867654255337,1.8425569674930196,0.053756477055370885,0.40582210114753425,1.8271160672812137,1.912729497100632,0.11020180178112804,-0.9087588770566224,2.181662220160506,-0.7176959042415064,0.8482786803738026,0.0,-0.8482786803738026,0,1
310,0.29278977944902584,0.0,-1.6389940468702555,-0.24966064679830988,1.3348929922869384,-0.9617489809115283,2.2828659733802072,-0.5274120892695092,-0.3998871145899628,1.1004019055515564,0.954850306588088,-0.7176959042415064,-1.178857871990064,0.0,1.178857871990064,1,1
311,-0.5954391316922852,0.0,-1.4127113630266253,0.8482033809451109,-0.156522275632812,-2.527697449176629,-1.9960749078925573,-0.8703302839799392,-1.2916001993192312,-0.9087588770566224,0.1636896100728675,1.0203216006178073,0.8482786803738026,0.0,-0.8482786803738026,0,1
312,-0.39202367885396827,0.0,1.3010763716970828,-0.11209540810229597,0.5665991769445555,0.49887780675634397,0.3032972088664054,-0.31188141620557724,0.4729896710995411,-0.9087588770566224,-0.13770204933825167,-0.7176959042415064,0.8482786803738026,0.0,-0.8482786803738026,0,0
313,0.14154642253836325,0.0,-1.4188304943770356,2.5507281868558125,1.9461193464675466,-1.1868065458774546,-0.8861463495356005,0.33416362743694566,1.418495230952746,1.1004019055515564,0.14888366601537298,-0.7176959042415064,0.8482786803738026,0.0,-0.8482786803738026,1,1
314,0.004672437973770806,0.0,0.7026047717845341,2.0662012055387278,1.0153873220036058,-0.07206698478000022,-0.3171938696179081,0.5179218368501045,-0.13200014312846625,-0.9087588770566224,-0.23178652389415372,-0.7176959042415064,0.8482786803738026,0.0,-0.8482786803738026,0,1
315,-1.4712806504255058,0.0,-1.4842062380916772,0.15577964802451463,0.8681640629153777,0.16472209448473532,-0.5026580252389359,-1.7197164148652817,-0.8076426478227815,-0.9087588770566224,2.299941215614292,1.5616926842136343,-1.178857871990064,0.0,1.178857871990064,0,1
316,0.12226276073570441,0.0,0.9606250554396538,-0.21699431495626012,-1.079313293289433,0.6267340648855236,-1.0187699282301206,-0.3201325204836018,0.3146885328527404,1.1004019055515564,1.2803203127761655,0.5727537710580054,-1.178857871990064,0.0,1.178857871990064,1,0
317,0.2741684225022473,0.0,-0.6359797030952525,0.10974034541958505,-1.5072846247281768,-0.8330268936945832,2.33158114966546,1.269907927472909,0.15411880629266447,1.1004019055515564,-1.8968920756214829,0.48364736444423156,0.8482786803738026,0.0,-0.8482786803738026,1,1
318,0.7352139683871897,0.0,-0.16735848185384936,1.9896051134780983,1.1589052184826145,-0.7262341583122136,-1.008297046330972,0.8896073835461953,1.5575562791111908,-0.9087588770566224,-0.9721716476991936,-0.7176959042415064,-1.178857871990064,0.0,1.178857871990064,1,1
319,0.40291168102404495,0.0,1.1303396012822347,-0.5582282887785234,-2.2424702723948813,-0.8590029319497567,1.7198899514374892,-0.6102819727960455,-1.8013010512518883,-0.9087588770566224,-1.3448987202757012,0.9273111146739144,-1.178857871990064,0.0,1.178857871990064,0,1
320,0.02450197759101991,0.0,-1.7629581363480966,-0.9633260215059399,-1.4594191692752592,0.28114984368872875,-1.1365225871141826,2.1574106314307584,0.5555475907177705,-0.9087588770566224,-0.27116930085632546,-0.7176959042415064,0.8482786803738026,0.0,-0.8482786803738026,1,1
321,-0.4810302368450808,0.0,1.5669014564403734,0.2145425722186517,0.20131619448008234,-0.3061647388282207,-2.3226932832038876,-1.3329826166399577,0.12949731666858752,-0.9087588770566224,-0.8170851053970714,1.6849906331299696,-1.178857871990064,0.0,1.178857871990064,1,0
322,1.2791443495078667,0.0,-0.183790108737547,-0.11209540810229597,-1.405171653095285,0.349230667391414,0.8099637487615039,0.7006188415348705,2.352326575166244,-0.9087588770566224,0.7103855031348183,-0.7176959042415064,0.8482786803738026,0.0,-0.8482786803738026,0,0
323,0.29278977944902584,0.0,-1.5987792667017895,1.996555814922153,-0.9038196083997186,-0.7348453357334742,0.38637896973661906,-0.18271111421650402,-0.2181021155544284,1.1004019055515564,2.263073851757688,-0.7176959042415064,0.8482786803738026,0.0,-0.8482786803738026,1,1
324,-0.11636173541517865,0.0,1.5956130889518017,-0.8690955794106049,0.3293270547640021,0.6967320982951319,0.07502983691287674,0.2304069523205048,0.4628926890018755,-0.9087588770566224,0.586901050572192,-0.7176959042415064,0.8482786803738026,0.0,-0.8482786803738026,1,1
