,0,1,2,3,4,Y1,Y2
0,0.6545660898758693,0.21586654007394693,0.059312877344319614,0.5250064901449136,1.0,0,1
1,-0.6197765094144966,0.8174346500573431,2.2956527784724625,-0.4972383423397705,0.0,1,0
2,0.4034795598120954,-1.0078577998791989,-0.21077066242812953,-0.4972383423397705,1.0,1,0
3,0.38269809910737834,-0.5918230275558094,-0.25178436171177515,-0.4972383423397705,1.0,1,1
4,-1.266863022960582,0.49767009796913236,-0.012345041621160572,-0.03722816772166262,1.0,0,1
5,-1.9475402803040947,-1.5252417314136542,0.833198059176186,-0.4972383423397705,1.0,0,1
6,-0.09541750251303721,-0.783945672976093,-0.15659686910027065,-0.4972383423397705,1.0,1,1
7,1.0013634713189234,0.695613224208097,-0.8612436004824006,-0.4972383423397705,0.0,1,0
8,-1.0992939663510555,-0.08537017524913755,0.49313241021348025,-0.4972383423397705,1.0,1,1
9,-0.9674065168020859,0.43541641743110343,-0.4024962413105282,-0.4972383423397705,1.0,1,0
10,0.24645000458443755,-0.6188117186072426,-0.7619466896115673,-0.4972383423397705,1.0,1,1
11,0.37392570543847775,-0.43561002955275463,0.24076245689712275,0.11610855715104003,1.0,0,1
12,-0.4084358177303417,0.8366880382284702,0.06099031216539878,0.3027793526482431,1.0,0,1
13,0.4803644990396593,1.49736421484641,-0.05944034385028209,-0.4972383423397705,1.0,1,1
14,-2.785524832276826,-1.6864745413856324,1.7246944950013754,-0.4972383423397705,1.0,1,1
15,-0.2110795971900266,-1.6611147732142983,-1.1776142471944508,-0.4972383423397705,1.0,0,1
16,-0.4084358177303417,1.0209111440071923,-0.9551156801704632,-0.4972383423397705,1.0,1,1
17,0.887547936313413,-1.3987999438328242,1.400382905346871,-0.4972383423397705,1.0,1,1
18,-0.5999746782028343,-0.8082312624007694,0.030999260198998634,0.6527870942054992,1.0,0,1
19,1.1408144792017019,0.4357610225629186,0.4618207364565598,-0.4972383423397705,1.0,1,0
20,1.404459173483132,-1.6686093148420444,0.32901358005518694,0.11610855715104003,1.0,0,1
21,-0.14227157395278292,1.593179998602946,-0.4566281403778017,-0.4972383423397705,1.0,0,1
22,0.8574190192905838,-1.1653463677774931,0.05539585066586788,-0.4972383423397705,1.0,1,1
23,-0.2711795945443638,-1.1869031274904123,-0.43913011010699937,-0.4972383423397705,1.0,0,1
24,-0.33761701939523997,0.7449017534121534,0.1842940281417934,-0.4972383423397705,1.0,1,1
25,-1.3335689204886791,-0.8924257922007565,0.2780335830288053,-0.4972383423397705,1.0,1,1
26,0.5551270113384839,1.0814610811365664,-0.8824827319455889,-0.01301710589965699,1.0,0,1
27,0.8518514534480309,0.1004962955843551,0.4220096492736256,-0.4972383423397705,1.0,1,1
28,-0.6977415678578692,-0.06277399921521554,-1.0342303438391707,-0.4972383423397705,1.0,1,1
29,-1.3335689204886791,-1.6484466892790943,0.10887476531042808,-0.4972383423397705,1.0,1,0
30,-1.2539599797738938,-1.10609439513644,1.0288693715320607,0.2694452820237425,1.0,0,1
31,0.4034795598120954,-0.8593820172063505,0.8309793493028962,-0.4972383423397705,0.0,1,1
32,2.337305736936596,0.8277813659825456,-0.14475088001338968,4.497157839228257,1.0,0,1
33,0.2751514278156656,0.32414895015402434,0.2892076178318355,-0.4972383423397705,1.0,0,0
34,-0.5906733188706811,-0.7455460546821979,-0.06006203008099604,0.24872410298689096,1.0,0,1
35,1.47759111322895,0.519717137483793,0.5437675132141878,2.788548619218143,1.0,0,1
36,0.26890895956602406,-0.8136047207773119,-0.2736424023274022,-0.23437538541513742,1.0,0,1
37,0.8886320470218363,-0.3299839540477563,-0.026266720829377692,1.0361289063872554,1.0,0,1
38,1.4932154526620702,-1.7870020133620854,0.13565266008938245,-0.20973198320345307,1.0,0,1
39,-0.07847387890710547,-0.11325274320643801,-0.5393960737167324,1.4742338345949773,1.0,0,1
40,-0.8194549675305121,-0.0011946387405577122,-0.7513878438352654,-0.4972383423397705,1.0,1,1
41,0.6600456564624835,1.6260899622995058,-0.9244140967352916,1.6675154205689722,1.0,0,1
42,-0.4115019165269743,0.8528361733699532,-0.30352880117648806,-0.4972383423397705,1.0,1,1
43,-0.24295408929702178,0.14096577123792925,0.36320593835037457,-0.4972383423397705,1.0,1,0
44,-0.3641083718463275,0.2444725192606397,-0.1935221192616758,-0.4972383423397705,1.0,1,1
45,0.6316082887345505,-0.7963970800085676,1.8084462476519212,1.5472513226295976,1.0,0,1
46,-0.1370635153991194,1.0149634532864054,0.39228586363301904,-0.4972383423397705,1.0,1,1
47,-0.8934840770703417,2.55952887018933,-0.006334362859581378,-0.4972383423397705,1.0,1,0
48,0.8233989604224072,-0.9346125164566665,0.5771257780587303,1.342802356132661,1.0,0,1
49,0.24645000458443755,-0.17288846176373002,-0.4555399821021416,-0.4972383423397705,1.0,1,1
50,-2.018942626604928,-0.9886774606353468,-0.0034617812716809557,-0.4972383423397705,1.0,1,0
51,-0.13593916740583775,-1.0295767728321845,-0.6395899919899416,0.7294554566418505,1.0,0,1
52,1.2757454574776426,-0.8673275388565451,-0.2552653285139825,-0.4972383423397705,1.0,1,0
53,1.564057610003998,1.7037435070575526,0.7402021429912642,0.15991904997181214,1.0,0,1
54,2.480735670242187,-0.47232196674455695,0.022821504777465102,-0.4972383423397705,1.0,1,0
55,-0.6567428382848947,-1.3398828917760546,0.06718961727537777,-0.16470086671222267,1.0,0,0
56,-0.9604637747951625,-1.1625915163902025,-0.4026636559452114,-0.4972383423397705,0.0,1,0
57,0.3609649694068759,-1.1812774659673626,6.462487468667961,0.04395009838741519,1.0,0,1
58,-0.0894638622432654,1.4917563628662431,-0.6045128001832109,-0.4972383423397705,1.0,1,0
59,0.16299283726405286,-1.029681157973628,0.757707092412631,-0.07904727450512693,1.0,0,1
60,-0.1572565400686461,1.2643259103986804,-0.35069253530560696,-0.4972383423397705,1.0,1,1
61,-0.5810446125501038,-0.2812060211018302,1.6384486419647162,-0.4972383423397705,1.0,1,1
62,1.1743808368291986,-0.03289989514388288,-1.9711807728586708,-0.4972383423397705,1.0,1,0
63,1.309857662212618,1.4964075771219538,0.7325700689426276,2.9528379672960385,1.0,0,1
64,0.10462595461762222,0.5249114692400626,-0.644752439135757,6.3029120650583454,1.0,0,1
65,-0.05364068189688585,-1.4754405382901736,0.39228720474016154,-0.4972383423397705,1.0,0,1
66,0.37392570543847775,0.44481310223595394,-0.3230315161942558,1.0004692029284876,1.0,0,1
67,-2.0684018830015733,0.334008014342104,0.6956468153990394,1.1755259289988036,1.0,0,1
68,0.8661141835606158,0.1454797559470317,-1.313130817000328,-0.4972383423397705,1.0,1,1
69,0.11116365696529742,-1.317988303785438,-0.7112012489288854,1.1263269798417868,1.0,0,1
70,1.3289621429332221,-0.46466538936147905,0.6721824255181764,-0.4972383423397705,1.0,0,1
71,0.32390907511399275,-0.8263269765646525,-1.0646378716992835,0.48849774612760344,0.0,0,1
72,0.7509852822730875,1.0731716370030928,0.46632826763341084,-0.4972383423397705,0.0,1,0
73,-1.370395527272895,0.5454331821219647,0.6137723757691749,-0.4972383423397705,1.0,1,0
74,0.37707656262827477,-0.029472566950699088,-1.2851667044400752,-0.4972383423397705,1.0,0,0
75,0.09667653780540446,-1.924756007629686,0.9982671843076208,0.42278200689644524,1.0,0,1
76,0.11723708102620474,0.8131659495072268,0.34148037917584373,-0.4972383423397705,1.0,1,1
77,-0.7031732463438294,-0.3157006746231171,2.468727637074891,-0.4972383423397705,0.0,1,0
78,-0.11799646756249674,-0.281235392646704,0.06837526382349096,-0.4972383423397705,1.0,0,1
79,-0.11839387929637206,-0.49585075393659084,0.9873574804990398,-0.4972383423397705,1.0,1,1
80,-1.960227797903613,1.202291898274179,0.6896324941108769,0.07777437593286435,1.0,0,1
81,-1.5914618479933627,0.5989446648703339,-0.9313457721839817,-0.1905648925943652,0.0,0,1
82,0.4364097270271289,0.5857580457549257,1.3637368307190314,-0.4972383423397705,1.0,1,1
83,-0.28234519994997165,-1.304101913630133,0.6367685279264718,-0.21844429711667482,1.0,0,1
84,0.07414518501023229,0.4181461055349549,-0.8577646097580721,-0.4972383423397705,0.0,1,1
85,-0.9312282862985651,0.651068805141905,-0.20197679918875014,-0.4972383423397705,1.0,1,1
86,1.7216287902408662,-0.17922347693224594,-0.23425334178018795,0.5851385391146009,1.0,0,1
87,0.413611823592726,0.2883649598535916,-0.3867550275480668,-0.4972383423397705,1.0,1,0
88,1.3162374330481124,1.1868988294382685,-1.2308394482984928,-0.4972383423397705,1.0,1,1
89,1.9507640015759964,0.8394249683238733,0.09563539667301386,-0.4972383423397705,1.0,1,1
90,-0.734559468368311,0.12060674541398976,-0.0695411891292966,0.7294554566418505,0.0,0,1
91,1.0389312962415884,-0.12994049037720767,-0.2541739861356716,-0.4972383423397705,1.0,1,0
92,-1.1322003266222116,-1.2260058394874191,0.29628682470865436,-0.4972383423397705,1.0,0,0
93,0.7902979340687742,-0.7866704207331363,-0.7982840846974606,0.013884073902571568,0.0,0,1
94,0.7972092643549541,-1.632186813600684,-2.6029754567244376,2.5694961551142814,1.0,0,1
95,-0.910660070233995,0.9051565504338693,-0.7434585465585807,0.7294554566418505,0.0,0,0
96,-0.9312282862985651,-0.07334615679085082,-0.3665272375701267,0.3391437933295166,0.0,0,1
97,-0.6308121786605494,0.8245470259819719,-1.095278786045189,-0.4972383423397705,1.0,1,0
98,0.688345240363848,-0.39029405714340026,1.5627049083119564,1.8028125307507687,1.0,0,1
99,0.5573340055861995,-1.4565339445509673,-0.5218271683732121,-0.4972383423397705,0.0,0,1
100,0.512616090575344,0.1123202806217124,0.4340562282366317,-0.4972383423397705,1.0,1,1
101,-0.634926816636421,-0.06955108257362035,0.35820356709555345,0.2104696186111647,1.0,0,1
102,0.23925704040538998,0.4322435247740361,0.45584632090559196,-0.4972383423397705,1.0,0,0
103,1.3841486445349225,0.7937320345662863,0.8369037005387033,0.2694452820237425,1.0,0,1
104,-0.5219462657883127,0.010748229462741355,-0.4725374373545726,-0.4972383423397705,1.0,0,0
105,-5.0952824178741105,-0.41059721085216366,0.04687513527772984,-0.4972383423397705,1.0,1,1
106,1.4447062020989379,-0.00441497994528739,-0.3037008696902834,-0.4972383423397705,1.0,1,0
107,1.0161268545322726,2.0831658298192166,0.21010283999350007,-0.4972383423397705,1.0,1,0
108,-0.9604637747951625,0.11059284885597682,-0.08296841918112716,-0.4972383423397705,1.0,0,0
109,1.6092182197279732,0.9675737885697674,1.9318531911227104,-0.4972383423397705,1.0,1,1
110,-0.14935338717663674,-0.0021322314341575576,0.7317117850086688,0.013884073902571568,1.0,0,1
111,0.06486067880679855,0.27728694174284074,1.2621254887824989,-0.4972383423397705,0.0,1,1
112,-1.97849621884014,2.492768707382005,-0.32858092375907066,-0.4972383423397705,1.0,1,0
113,1.2164546070695446,0.3020693594814419,-0.9173688391697127,-0.4972383423397705,0.0,1,1
114,0.7966599688775302,0.9448340457715396,-1.165906057128498,0.15991904997181214,1.0,0,1
115,1.2099562465506264,-0.9359397393367027,0.44302075694007287,-0.4972383423397705,1.0,1,1
116,-0.5457142977142388,-0.4428671012072229,-2.0363996949981984,-0.4972383423397705,1.0,0,0
117,1.0291346047595467,1.8958065340972325,-1.0528454317219975,0.6527870942054992,1.0,0,1
118,-0.6325061314167799,0.03470589852632707,0.293466798540119,0.11610855715104003,1.0,0,1
119,-1.3993361811283125,0.09152220108371868,-0.9657756469296339,-0.4972383423397705,1.0,0,1
120,-0.3042873887170095,0.2764635288232968,-0.7321509615657527,0.07777437593286435,1.0,0,1
121,1.4932154526620702,1.0681115260537186,-2.545760881048531,-0.4972383423397705,1.0,1,0
122,-0.4911585811660695,-1.5792963849867914,-0.8588168310920109,-0.4972383423397705,1.0,1,0
123,-0.8934840770703417,-0.28529424954738203,-0.5044413035344607,-0.4972383423397705,1.0,1,1
124,-1.5982773605429945,0.5988012528773852,0.7741165132828829,-0.11389653015801399,1.0,0,0
125,1.1140266671932995,0.6537272594731208,0.5450366356849464,1.593716996833447,1.0,0,1
126,0.7966599688775302,0.2319494333897705,-1.159564423985733,-0.4972383423397705,1.0,1,1
127,1.5670832795418368,1.2005485730533503,-1.3441197740904742,-0.4972383423397705,1.0,1,1
128,0.2751514278156656,-0.13180783911793648,-0.302549188907226,-0.4972383423397705,0.0,1,1
129,0.1762168958055727,-0.4238096991195678,0.33540878838197263,-0.4972383423397705,1.0,1,1
130,0.02198604736502345,0.15014672277729965,0.28490363460980067,0.3391437933295166,1.0,0,1
131,-0.41263137332349753,-0.014088421622146565,0.1918764115020853,0.11610855715104003,1.0,0,1
132,0.03553155613990456,0.15462655990026042,-0.24848432785003782,0.6527870942054992,1.0,0,1
133,-0.326616259444391,0.985123372331423,0.7184840190445241,0.2104696186111647,0.0,0,0
134,0.9194924836590257,2.156703700693806,0.6745470563992617,0.2694452820237425,1.0,0,1
135,1.8681046813386641,1.063337634694081,0.5791352432418012,-0.4972383423397705,1.0,1,1
136,-0.42005838618216323,-0.3991787248057013,-0.9888870814964252,0.04395009838741519,1.0,0,0
137,1.1110625765214208,-1.2839477131025292,0.4435350743816577,0.7294554566418505,1.0,0,0
138,0.05020534741585613,0.04574468752170849,-0.6381734328198826,-0.09722949484576367,1.0,0,1
139,-0.6664472903404984,-0.22339381007913406,-0.6469528808811521,-0.4972383423397705,0.0,1,1
140,-0.5576074993183412,0.8078471049257854,0.009623065476839303,-0.4972383423397705,1.0,1,0
141,-0.1241537664999012,0.6731033176169868,0.2993145515841445,0.013884073902571568,1.0,0,0
142,-0.21689679886593924,1.9842646615449957,-1.4065380839809958,-0.4972383423397705,1.0,1,1
143,-0.6729337266503965,0.48895591858267,0.06009707131164824,0.2104696186111647,1.0,0,0
144,1.2757454574776426,0.4098518719226135,-2.6029754567244376,-0.4972383423397705,1.0,1,0
145,0.5810700490474566,0.10255752305718156,-0.5352313810694628,-0.4972383423397705,0.0,1,0
146,1.089783730999675,0.5548726781259504,-1.194923098520482,1.0361289063872554,1.0,0,0
147,0.295302275745808,-0.463379007461349,-0.11247290090121714,0.15991904997181214,1.0,0,1
148,0.7164570460054727,-0.13700856901422823,0.5706480523195032,-0.4972383423397705,1.0,1,1
149,1.302100032473297,-1.513873361461244,0.14812297238693728,1.625885540513035,1.0,0,1
150,1.4143097971230931,-1.6631844508187936,-0.4657486849733885,-0.4972383423397705,0.0,0,0
151,1.0311755169027146,-1.024676648798893,-0.36485829036980016,0.2104696186111647,1.0,0,1
152,-1.0539280196101088,0.50917400966083,-1.4056912749875676,-0.4972383423397705,1.0,1,1
153,-0.18886308554056658,-0.4143688285065659,0.20311650617088572,-0.4972383423397705,1.0,0,1
154,-1.6143133940529688,0.12655429951886166,-0.15208567610571838,-0.4972383423397705,1.0,1,1
155,0.10462595461762222,-1.1676436927302172,-1.1905942171344275,0.9181775795620999,1.0,0,1
156,-1.1322003266222116,-0.36722972938461584,0.07266353639896518,0.2694452820237425,1.0,0,1
157,1.2669996799085854,2.4232242877452865,5.7365975371783335,-0.4972383423397705,1.0,0,1
158,-0.4084358177303417,-0.8103363465999225,-0.6223845056690496,0.42278200689644524,1.0,0,1
159,-1.329113190609749,-2.030455150298435,-0.9639227686956163,-0.4972383423397705,0.0,1,1
160,-0.38570916902874247,-1.4825403038395493,-0.8543170808967142,-0.4972383423397705,1.0,1,0
161,-1.7498545564439243,-0.9036559092822768,1.4994251300128993,-0.4972383423397705,0.0,1,0
162,-0.4758992259936713,-0.5472746033667091,1.2310287505367623,1.342802356132661,1.0,0,1
163,0.7919754366115672,-0.595184577608442,-0.7791087452503864,-0.4972383423397705,1.0,0,1
164,-0.31608214067201285,0.47264300705105394,-0.6895469058456225,-0.4972383423397705,1.0,0,0
165,-2.7079539516084696,-2.820921380888074,-5.087478354292416,-0.4972383423397705,1.0,1,1
166,-0.33831347181663013,0.7074983659438467,1.9298008030829954,-0.4972383423397705,1.0,1,1
167,1.2371189427412654,0.8585699164107491,-0.02083544933876689,0.2694452820237425,1.0,0,1
168,0.5437001436234395,-0.20286851716092077,-0.040283056221707345,1.625885540513035,1.0,0,1
169,-0.38570916902874247,-1.7750713548792587,0.5425534463388026,0.11610855715104003,1.0,0,1
170,0.3846959164518804,-0.23813918842949058,-0.1130942534693947,0.04395009838741519,1.0,0,1
171,-1.8191654501807466,0.168047800687149,-1.3743510092952231,-0.4972383423397705,1.0,0,1
172,-1.345607668408004,-0.800601073101166,0.29913101998151437,-0.4972383423397705,1.0,0,0
173,0.20303846191972386,-0.5317631936808358,1.7696714260197135,0.7294554566418505,1.0,0,1
174,0.4759654723985367,0.600317488215077,0.584432112846659,-0.4972383423397705,0.0,1,0
175,1.5106264740860964,-1.0559835917708549,-0.8437618461492887,0.7294554566418505,1.0,0,1
176,-0.22505508962942722,2.2065211162126466,0.7222611940763711,0.5851385391146009,1.0,0,1
177,1.5390577165387938,1.2339531772326935,-0.8399021624731681,-0.4972383423397705,1.0,1,0
178,-0.809018944332663,-1.53577944416414,-0.5511706812857904,-0.4972383423397705,1.0,1,0
179,0.24645000458443755,-0.1945571896310769,-0.3340994872196254,-0.03722816772166262,1.0,0,1
180,0.4869068822966146,-0.1464210269164323,-0.9637022778135382,-0.4972383423397705,1.0,1,1
181,-0.3641083718463275,1.6381321728309228,-0.885769307009555,-0.4972383423397705,0.0,1,0
182,-0.0131991346528831,-0.8302202008448893,-0.45441766573044745,1.227799812478134,1.0,0,0
183,1.1032173189578574,0.9240137154109518,-0.18658755871998214,0.7294554566418505,0.0,0,1
184,-0.23816549302230208,0.17223106639833607,0.10030807953798147,-0.4972383423397705,1.0,1,1
185,1.1408144792017019,-1.0026248352001188,-2.602964322792601,-0.4972383423397705,1.0,1,0
186,-0.7398566347804633,0.26964062386479776,0.012693802792274575,-0.4972383423397705,1.0,1,0
187,0.11116365696529742,-1.694352053690931,-0.06638528483469666,1.0361289063872554,1.0,0,1
188,0.7106243134568901,-1.028318864431867,0.6020775169449267,1.2065030451347032,1.0,0,1
189,-0.02916809070504784,-1.198977379471956,-0.3539646851527732,0.3391437933295166,1.0,0,1
190,-0.3434453352119108,0.020465528961680222,0.7032523050264508,-0.4972383423397705,1.0,1,0
191,-1.0189842460814778,0.6973210191943051,0.5107577074484743,-0.4972383423397705,1.0,1,0
192,0.7294471329861341,-1.67475770912462,0.7487338324065494,-0.4972383423397705,1.0,1,0
193,-0.300200497497344,-2.5829697538433236,0.011060389829538664,-0.4972383423397705,1.0,0,1
194,0.06506148604225256,0.021707632716206203,-1.0356371616559796,-0.4972383423397705,1.0,1,1
195,-0.5545907651352282,0.08967086586879466,-0.5598211494079839,-0.4972383423397705,1.0,1,0
196,-0.300200497497344,0.7914893840736659,1.2261650608817705,-0.4972383423397705,1.0,1,1
197,0.37707656262827477,-0.5285466393803137,-0.5484349146296692,-0.4972383423397705,1.0,1,1
198,-0.5302000703852529,-0.9066013600133692,-0.32726859295600713,-0.1905648925943652,1.0,0,0
199,0.3023676904824185,-1.183724676796972,4.664399548265353,0.37897151407567303,1.0,0,1
200,0.5789026224945654,-0.8830585989422263,-0.008441568350859184,0.13725845023692998,1.0,0,1
201,-0.026930921804089666,-0.28343805454880533,0.09078751761514005,-0.4972383423397705,1.0,1,1
202,0.923267801668154,-0.2069941811161013,0.3061800306077731,-0.4972383423397705,1.0,1,1
203,-0.5906733188706811,-0.13593132767634464,0.610206570502664,-0.4972383423397705,0.0,1,0
204,0.6965336016525366,-1.5737153101067325,0.2276346406245426,-0.4972383423397705,1.0,1,1
205,0.9855862188885782,0.334449482122768,1.6005913055877017,-0.4972383423397705,1.0,1,1
206,1.0158961903513164,-0.030197469402559046,0.3146599142797969,-0.4972383423397705,1.0,1,1
207,1.2669996799085854,-0.3253018550368473,1.1879826650780152,-0.4972383423397705,1.0,1,1
208,0.21950005107566278,-0.33755591838877774,0.20316229171791064,0.8170764422833947,1.0,0,1
209,-1.4030046586259357,-1.2169797240317584,-0.17971775521884106,0.07777437593286435,1.0,0,1
210,-1.4254021356938555,0.6005764296035003,-0.2745208092794108,-0.4972383423397705,1.0,1,1
211,0.15612014013572345,1.1895579587250027,0.20318852802740814,-0.4972383423397705,1.0,1,1
212,0.7298669031106476,-0.06682621220494067,-1.131564843778117,-0.4972383423397705,0.0,1,0
213,1.3162374330481124,0.6393338244409037,-0.46888695201433644,-0.4972383423397705,1.0,1,1
214,0.8592113129278895,-0.13735563641794205,0.7428550113734498,1.593716996833447,1.0,0,1
215,-1.3357981017935414,0.33303033530004067,0.7708434188763331,-0.4972383423397705,1.0,1,0
216,-0.6562424956258334,-0.7081919416784294,0.902187317829891,0.4712041305404565,1.0,0,1
217,0.295302275745808,-0.3370687025971725,-1.4154789782905113,0.07777437593286435,1.0,0,1
218,-1.4631718842567087,0.2139810706655141,-0.5689244758431978,-0.4972383423397705,1.0,1,0
219,-2.6894456477679105,-1.0479153891792314,0.5963550106359697,0.013884073902571568,1.0,0,1
220,0.3998975466326893,1.3421277599396404,-1.359466666825931,1.5472513226295976,1.0,0,0
221,1.2661068732739313,0.7661638048367643,0.6981130454497771,-0.4972383423397705,0.0,1,0
222,-1.7998213714493654,-0.4242056246166936,1.0299900106746613,0.5851385391146009,1.0,0,1
223,-1.5512499155150423,0.5949921238689823,0.1301533731630084,0.9181775795620999,1.0,0,1
224,0.4869068822966146,-1.1135424503146336,0.7942693399463807,0.07777437593286435,1.0,0,1
225,1.440466742228587,-0.12715316253532635,0.9937440989088963,-0.4972383423397705,1.0,1,1
226,-0.5520962464887454,0.18964245491987747,0.31748384885489217,0.07777437593286435,1.0,0,1
227,-0.2611663041682406,0.22395527740704516,0.11236153923798933,-0.4972383423397705,1.0,1,1
228,-0.33475308567388756,0.20327090597658767,0.3089852621140888,-0.4972383423397705,0.0,1,1
229,-0.04269328887317839,0.2770954011235832,0.3358470849076561,-0.4972383423397705,1.0,0,0
230,0.11116365696529742,-0.13169161868471274,0.5303652647440766,0.2104696186111647,1.0,0,1
231,0.37507604021892177,-0.560197497237405,0.29363256358122225,0.7294554566418505,1.0,0,1
232,-0.4115019165269743,0.5994080399314244,-1.944510274311493,-0.4972383423397705,1.0,1,0
233,-0.7925126966214587,1.5448709675127608,0.7594459138505688,-0.4972383423397705,1.0,1,1
234,1.0609342342122536,0.8169173250053308,-0.15303499366216347,0.5250064901449136,1.0,0,1
235,-0.9417720151379164,-0.4376077150440479,-0.4511768145960958,-0.4972383423397705,1.0,1,0
236,-0.026930921804089666,-2.0795070092015235,-1.356311283606035,-0.4972383423397705,1.0,0,1
237,1.8083152898512047,-0.10141142964274251,0.6255285979466852,1.8028125307507687,1.0,0,0
238,-0.18886308554056658,0.14750222328972912,-0.5577593085685513,0.6527870942054992,0.0,0,1
239,-1.8191654501807466,-0.47247405908251416,0.8753606957912999,-0.4972383423397705,1.0,1,1
240,-0.7952872380435015,-1.3651974023400368,-1.5008395514382238,-0.4972383423397705,0.0,1,0
241,0.6781881179523929,-0.043001631260820176,-0.16622606561389203,0.15991904997181214,1.0,0,1
242,0.6087411054977534,0.8297752798046556,-0.4872779009734582,0.04395009838741519,1.0,0,1
243,1.1408144792017019,0.08137662755831315,0.4796276325661037,-0.4972383423397705,1.0,1,0
244,1.0203934003040964,-0.5477685018173267,-0.6520965461095174,1.0361289063872554,1.0,0,1
245,-0.9604637747951625,-1.1687021871263272,0.5096843422535688,-0.4972383423397705,1.0,1,0
246,0.9653650295131746,1.6653935061975842,0.20766035957717918,-0.4972383423397705,1.0,1,1
247,0.923267801668154,-1.4938333052548771,-0.6651144435805207,-0.4972383423397705,1.0,1,0
248,0.3116804181804585,0.29666969656777886,0.07517840267138341,-0.07904727450512693,1.0,0,1
249,0.4759654723985367,-0.6851893287374672,-0.1406540549742562,-0.4972383423397705,1.0,1,1
250,-0.24977452195133562,1.042598015335642,2.091906155688712,-0.4972383423397705,1.0,1,1
251,-1.326096734439483,1.4109642605036814,1.371256577699845,-0.4972383423397705,1.0,1,0
252,-0.4741055949934456,0.05169661532638859,-0.9335501003240843,0.11610855715104003,1.0,0,1
253,-0.09271191724387443,1.3321136298246588,-0.7604750282211848,-0.4972383423397705,0.0,1,0
254,1.2908401013284616,0.4482071221058282,0.27038829283606775,-0.4972383423397705,1.0,1,0
255,-1.8443287928194494,1.0760312081513321,-0.13710738540727607,-0.4972383423397705,1.0,1,0
256,-1.336776343358559,0.4554405376451082,-0.7372826427921578,-0.4972383423397705,1.0,1,0
257,-1.0131734081047996,-0.9092831543907876,2.5710515350738645,-0.4972383423397705,1.0,1,0
258,0.04747190413126074,-0.5101436376052918,3.1137145047210244,1.1263269798417868,1.0,0,1
259,-0.4095363409522436,1.203159072834447,1.8065114024988889,-0.4972383423397705,1.0,0,0
260,1.3444106406988312,0.6819421687944767,-0.7115938669488292,-0.4972383423397705,0.0,1,1
261,1.4932154526620702,-0.7813248578400351,-1.273186144781827,-0.4972383423397705,0.0,1,1
262,0.1762168958055727,0.6785565190844244,0.3099206155843215,-0.4972383423397705,0.0,1,1
263,-0.9227395615102291,0.6728164251328673,0.3828164373958572,-0.16865964618397916,1.0,0,0
264,-0.641163504309298,1.6836967443984598,0.3203374319571575,-0.4972383423397705,1.0,1,1
265,1.2579630159912134,-0.38686811908583835,0.21253260667291082,-0.4972383423397705,1.0,1,1
266,-0.15843265829357467,0.8819923331101596,-0.35963525021719417,0.7294554566418505,1.0,0,1
267,-1.0374075325304644,3.3587625388558573,0.1674456816249956,-0.01301710589965699,1.0,0,1
268,-1.2012622787156757,0.0026465565929255407,0.7396616354033979,-0.4972383423397705,1.0,0,1
269,-0.33475308567388756,0.9537563054112056,-0.23336724940046363,0.6527870942054992,1.0,0,1
270,-0.47724323488896203,-0.1320989080466942,-0.6294345691139855,-0.4972383423397705,1.0,1,1
271,-0.0027289441736576534,-0.14036233310866159,-0.2592178004771763,-0.01301710589965699,1.0,0,0
272,0.887547936313413,-0.2965369378701202,-0.17028790066903995,-0.4972383423397705,1.0,1,1
273,-1.7164520617826449,-0.5193991055538046,-0.7478302982360401,-0.4972383423397705,1.0,1,0
274,1.5670832795418368,-0.46976614354011087,0.9892542591536273,0.7294554566418505,1.0,0,1
275,-0.5999746782028343,-0.28018689174039235,0.2265528162972457,1.6675154205689722,1.0,0,1
276,0.5887759267414465,1.5124665917653608,-0.2584014861675111,-0.4972383423397705,1.0,0,1
277,-2.056977612752655,0.030015220494892816,-0.7620038714829401,-0.4972383423397705,1.0,1,0
278,-1.4188356330121945,-0.7331751243263274,-0.3317466348927768,-0.4972383423397705,0.0,1,1
279,-0.5457142977142388,0.36654656827658116,0.4867294576296871,1.342802356132661,1.0,0,1
280,-0.8971413411794916,-0.852093194158225,-0.7721441957769664,-0.4972383423397705,1.0,1,1
281,-0.6664472903404984,0.6427183622715825,-0.40849226962995855,0.8557327594781939,1.0,0,1
282,0.5887759267414465,0.3658086614753747,-0.06189352979089315,-0.4972383423397705,1.0,1,1
283,0.05533966167797454,2.073827056144093,-0.04748227867806787,-0.07904727450512693,1.0,0,1
284,0.5214395286243758,-1.7610615945479113,-0.277318698888183,-0.4972383423397705,1.0,0,1
285,0.8886320470218363,-0.13029366220583388,-0.767123921458415,-0.4972383423397705,1.0,1,1
286,1.3400345907713336,-0.8508806485573702,-0.5948483495310444,-0.4972383423397705,1.0,1,1
287,-1.4173024190842365,-0.3253018550368473,-0.3452889262621731,0.15991904997181214,1.0,0,1
288,-0.8194549675305121,0.8017572914000851,1.1414818377919504,-0.4972383423397705,1.0,1,0
289,0.3541933410456084,-0.5389276812853201,-0.7166027797190291,-0.4972383423397705,0.0,0,0
290,-0.9053180855372503,2.5736331003024038,-0.016680721369845886,0.3391437933295166,1.0,0,1
291,1.2905593717494883,0.01490916737988923,0.350657112329123,-0.4972383423397705,1.0,1,0
292,0.9653650295131746,0.07682910216559417,0.042728993036938445,0.2694452820237425,1.0,0,1
293,-1.7498545564439243,-0.07632636450798895,-4.235074788987074,-0.4972383423397705,1.0,1,0
294,0.44485171302622073,-0.6108580016778682,-0.05005139587082433,-0.4972383423397705,1.0,1,1
295,0.9541601761642194,-0.8524107732394942,-1.11880054967522,-0.4972383423397705,0.0,1,0
296,-2.2401026296950555,-0.20583509948833753,1.2184854584723153,-0.4972383423397705,1.0,1,0
297,0.3454508828750418,0.1398429318707442,-0.13621421611297505,-0.4972383423397705,1.0,1,1
298,1.8908848263055134,-0.5366386505423906,0.2690569928667437,1.227799812478134,1.0,0,1
299,0.2453647791840029,-1.0319661370647373,1.4756377164727317,-0.4972383423397705,1.0,1,1
300,0.37379976687242333,-2.6442823009483223,0.2027140784020948,0.04395009838741519,1.0,0,1
301,-0.34661194128642847,-0.2859949391724519,-0.2047332668522854,-0.4972383423397705,1.0,1,0
302,0.5746381537033481,-0.31546464605309693,1.5854618234099822,3.1828430546050925,1.0,0,1
303,-3.008541028065506,0.935762491013065,-0.541420770364558,-0.4972383423397705,1.0,0,1
304,-0.2701012118886199,-1.0232837326665034,-1.9305660566094212,-0.4972383423397705,0.0,1,0
305,-0.641163504309298,0.23021450420398412,0.4717062591190153,0.7717552428136304,1.0,0,1
306,1.2908401013284616,0.9579018384050735,-0.1152347475970171,0.3391437933295166,1.0,0,1
307,-0.4095363409522436,1.5561234833508562,-0.9361469572640025,-0.4972383423397705,1.0,1,1
308,0.2981779525381188,0.8277454483227757,-0.8025094814541627,0.8170764422833947,1.0,0,1
309,1.7936299390839252,0.12023148193202012,-0.48033634884502685,0.11610855715104003,1.0,0,1
310,-1.5145345795842529,-0.6064000001670387,0.8229807211215819,-0.4972383423397705,1.0,1,1
311,-0.4084358177303417,-1.3629110982088501,1.2970678307109011,0.70278820014225,1.0,0,1
312,1.0953862234342306,-0.8725748473947719,-0.6781210080257666,0.8827921815145531,1.0,0,0
313,0.7944105688456763,-0.18667070409379757,0.12366439465968576,-0.4972383423397705,1.0,1,1
314,2.5715664611000117,0.8239866039919441,0.3272650186886459,1.0361289063872554,0.0,0,1
315,1.2060516706912185,0.2742182342147358,-1.6589751364152916,-0.4972383423397705,1.0,0,1
316,-0.8660830024812549,0.43075487833986015,-0.6059173880526677,-0.4972383423397705,1.0,1,0
317,0.18703112450684622,2.294484351783904,0.6718609405161925,-0.4972383423397705,1.0,1,1
318,-2.7079539516084696,0.594072265431771,0.37051498158740753,-0.4972383423397705,1.0,1,1
319,-1.0253698571338712,0.5353322492897569,-0.07982822444589051,0.15991904997181214,1.0,0,1
320,1.5381879640005407,-0.4656305615338517,-0.7106126741052192,-0.4972383423397705,0.0,1,1
321,-0.7518561557849384,-0.6718305572801156,0.0841129062109814,-0.4972383423397705,1.0,1,0
322,1.0013634713189234,1.2653259143605695,1.3875011053207214,8.702965150022386,0.0,0,0
323,-0.6842608906963802,-0.8549136569051219,0.024093253198743374,-0.4972383423397705,1.0,1,1
324,-0.25400143977983336,-0.85182157432988,0.3859697642091003,-0.4972383423397705,0.0,1,1
325,-0.19117188708138894,-0.02864636041040996,-0.2285221700984191,-0.4972383423397705,0.0,1,1
326,-0.734559468368311,-0.19528961705667305,-1.1243881015692598,-0.059133414132048714,0.0,0,1
327,0.8297354322361716,-0.8606194246107605,0.14794292185093805,0.5250064901449136,1.0,0,1
328,0.2807791688724917,1.246339821556489,-0.5155912999202329,-0.4972383423397705,1.0,1,1
329,0.9869822571495107,-0.9975566386972198,0.3892781634158069,0.2104696186111647,1.0,0,0
330,0.42442089870251454,-0.45526385055369867,-0.1520755209426467,-0.4972383423397705,0.0,1,1
331,0.20376247139864143,-0.229683108763229,-0.16027141813019788,0.2104696186111647,0.0,0,1
332,0.692274631887606,-1.2958862880260718,-0.5053081923059533,-0.059133414132048714,0.0,0,1
333,-0.10328054941311385,0.04943790754784208,0.17246023962026452,-0.4972383423397705,0.0,1,1
334,-0.25639539303342807,-0.8705671791653593,0.98330338077368,-0.4972383423397705,1.0,0,1
335,-0.1572565400686461,0.49985756128655734,0.552740111802983,0.9181775795620999,1.0,0,1
336,0.6453374877592122,1.3554021346052438,-0.5916200248407337,-0.4972383423397705,1.0,1,0
337,-0.7376753796745039,-1.5168893460887158,2.2996705846305447,-0.17998994605142024,1.0,0,1
338,-0.18618391890076053,0.06893794391066685,0.7534926008870294,-0.4972383423397705,1.0,1,0
339,-0.43551654233646087,-1.2974114397317287,-0.30759944038690307,0.11610855715104003,1.0,0,1
340,0.8297354322361716,0.9653222686105989,1.2691875884951713,-0.4972383423397705,1.0,1,1
341,-0.7925126966214587,1.0692102449862424,0.8136819590794886,-0.4972383423397705,1.0,1,0
342,-0.5624158080474801,-2.56342209931644,-0.10494146206847695,-0.4972383423397705,1.0,0,1
343,-0.02916809070504784,-1.993492819507876,-0.21936766488985238,-0.24167713421859946,1.0,0,1
344,-1.4129146802267325,-0.4873799163189151,-0.021116117802056116,0.6527870942054992,1.0,0,0
345,-0.8934840770703417,-1.4688274795830576,-0.5884329638959174,-0.4972383423397705,0.0,1,0
346,1.089783730999675,-0.3195135256392088,2.6939216150689203,0.9747942164381747,1.0,0,1
347,-2.034614314574755,0.21838137599188967,-2.212337066928501,-0.4972383423397705,1.0,1,0
348,1.2086658503731715,-0.35451702404134794,1.0716793044384432,-0.4972383423397705,1.0,1,0
349,-0.24295408929702178,0.16454575339641905,-0.0718593784587187,-0.4972383423397705,1.0,1,0
350,0.6019692922418707,-1.0697824478976885,1.8963091211556544,-0.4972383423397705,1.0,1,0
351,1.031635545941111,-0.5835431796728412,0.05427994346613879,-0.4972383423397705,1.0,1,1
352,-1.7164520617826449,1.2022152350438045,0.32932944423999017,-0.4972383423397705,1.0,0,1
353,-0.0027289441736576534,0.9655463653340789,0.09060674467507256,-0.4972383423397705,0.0,1,0
354,0.16721224579613644,0.7069909755365026,-0.5388660834742007,0.2104696186111647,1.0,0,1
355,0.9869822571495107,-1.2157419293580765,-0.09498667152093787,-0.4972383423397705,1.0,1,0
356,1.0158961903513164,0.6784139234320821,-0.5136400516762542,-0.4972383423397705,1.0,1,0
357,1.2297138314110279,0.34024563492816673,-0.29829618813391956,0.11610855715104003,1.0,0,1
358,0.9521319860152465,-0.5902672924709559,-0.09103568805338187,-0.4972383423397705,1.0,1,0
359,-1.117535080976733,0.514134961616647,-0.10877983527696958,1.0361289063872554,1.0,0,0
360,-0.641163504309298,1.1929492260219856,-0.32511743487583383,-0.4972383423397705,1.0,1,0
361,0.06506148604225256,1.0705077843904685,2.176326179553149,-0.4972383423397705,1.0,1,1
362,-0.6197765094144966,0.0922116216935748,-0.6998282828720926,-0.4972383423397705,0.0,1,1
363,0.7944105688456763,-1.1568149425950367,0.010260605031262617,-0.4972383423397705,1.0,1,1
364,0.15612014013572345,1.7828050352979805,0.22926300142186296,-0.4972383423397705,0.0,1,1
365,0.688345240363848,0.3533356221243611,0.21309167530681108,-0.4972383423397705,0.0,1,1
366,-0.18167575348960377,0.5130457256396797,-0.4124240763704684,-0.4972383423397705,1.0,1,1
367,-0.5631643232676768,0.010905490777975962,-1.3796042939536193,-0.4972383423397705,1.0,0,0
368,-0.49591095852293887,-1.3388445151637114,0.538137259590736,-0.4972383423397705,0.0,1,1
369,0.12294084442636091,0.7156874050049611,0.24906006391121704,0.11610855715104003,1.0,0,1
370,-0.16994595116591774,-0.43294140042370116,1.1322216951678878,2.2379572905246548,1.0,0,1
371,0.26890895956602406,0.7624276871657577,0.4931597374384603,0.7294554566418505,1.0,0,1
372,1.2086658503731715,-0.783483893041501,1.3233874744512075,2.2628227053688765,1.0,0,1
373,-1.5993261265311718,0.7229069651286073,0.6373887101791559,-0.4972383423397705,1.0,0,1
374,-0.3750686127077514,-1.6104097879617618,0.39876757784855266,-0.4972383423397705,1.0,1,1
375,-0.2813569827680915,-1.8841784826460017,0.051122378318168606,-0.22664412197617764,1.0,0,0
376,0.139754944767463,1.851105126711426,1.12052179163567,-0.4972383423397705,1.0,1,1
377,0.688345240363848,0.6165087840135837,0.5789417168207289,-0.4972383423397705,1.0,1,1
378,-0.887382440850643,0.816017224708822,-0.6216182750796552,-0.4972383423397705,1.0,1,1
379,1.2973145304721516,2.1947255282442164,0.5074115226916809,0.07777437593286435,1.0,0,1
380,-0.5986980756488167,2.2166995279917567,0.3440073128191106,-0.4972383423397705,1.0,1,1
381,0.29188224218311676,-0.5419957929740636,0.18619954361537522,1.0361289063872554,1.0,0,1
382,-0.6529871107082674,0.41936922858029596,-1.5569501429321058,0.7294554566418505,0.0,0,1
383,1.2579630159912134,0.4902271024056294,0.17780967298431513,-0.4972383423397705,1.0,1,0
384,0.7106243134568901,0.1719763477951706,1.3766099822693212,0.013884073902571568,1.0,0,1
385,0.36813065974545944,0.7798319514166049,-0.287550805355291,0.4712041305404565,1.0,0,0
386,1.3841486445349225,0.12092723002791374,0.45291030501513563,1.0361289063872554,1.0,0,1
387,0.1762168958055727,-0.5913486373825226,0.6180121022638091,-0.4972383423397705,1.0,1,1
388,-0.8033105610800618,-0.8451522123052854,1.8511487185891322,6.799474772292285,1.0,0,1
389,-1.4186479131652938,-2.306000385273011,-0.9486933499394968,-0.4972383423397705,0.0,1,1
390,0.26890895956602406,-0.44677930289250095,-0.8223519466723165,0.4712041305404565,1.0,0,1
391,-0.9533660943196323,1.1569297535994356,-0.2702496296787659,-0.4972383423397705,1.0,1,0
392,-0.497591946286592,-1.440827891913318,-0.35752379871049744,-0.4972383423397705,1.0,1,1
393,0.6496256989396909,-0.2947892264156386,-0.3608230698331408,-0.4972383423397705,1.0,1,0
394,-1.339171476572999,-4.4239758014363035,-0.4051938051689122,0.15991904997181214,0.0,0,1
395,-0.6529871107082674,-0.5286857902812102,0.45810270322258023,1.625885540513035,1.0,0,1
396,-1.1268915800733514,-0.4641826938960344,0.4181660321007897,0.49737825142911135,1.0,0,1
397,0.9085943581727861,1.1110350565171148,-0.3199609222243355,-0.4972383423397705,1.0,1,1
398,0.20303846191972386,1.9676551813921865,0.5135600335443249,0.37897151407567303,1.0,0,1
399,-1.821104981120143,1.6148104186049286,0.7105661049129651,-0.4972383423397705,1.0,1,1
400,0.15355404382175528,-1.1911216437086778,1.9948998668810685,0.6527870942054992,1.0,0,1
401,0.21950005107566278,1.160168240846257,-0.3557987635152354,0.42278200689644524,1.0,0,1
402,-0.08795292466064959,0.8819879784264879,-0.6207430261160733,6.074335580776056,1.0,0,0
403,0.6455793924512768,-0.2859626527059035,-0.7426687371791441,-0.4972383423397705,1.0,1,1
404,0.6650966640985166,0.8213330710656559,-0.42818639945949394,-0.4972383423397705,1.0,1,1
405,-0.0131991346528831,-0.6110166655984312,-1.0742553507763153,0.95542536698057,1.0,0,1
406,0.12540987772940282,1.134640745386159,-0.677843620432577,-0.4972383423397705,1.0,1,1
407,-0.27492780260075017,0.46322035404895756,-0.18955131917711715,0.9181775795620999,1.0,0,1
408,-0.10001802229362382,0.47650249409122747,0.07223495636156187,2.0119080646680905,1.0,0,1
409,-2.7079539516084696,-0.9270948849659014,0.05513485130043429,-0.4972383423397705,1.0,1,1
410,-1.146180694324205,0.8540646545239395,-1.058637882686505,-0.28328012158716215,1.0,0,1
411,1.2905593717494883,3.088556094713742,1.3203717424341757,-0.4972383423397705,1.0,1,0
412,-1.2694056508680578,-0.1366026571121003,-0.8148168086002037,-0.4972383423397705,1.0,1,0
413,-0.0027289441736576534,0.11775584795886049,-0.041675461104906,-0.4972383423397705,1.0,1,1
414,0.692274631887606,-0.30012149507002533,0.984413997715432,1.342802356132661,1.0,0,1
415,1.2478415363747888,1.0077854504445791,-1.054088091879154,-0.4972383423397705,1.0,0,1
416,0.2958206884763528,0.9827801857934074,0.01407760520991107,-0.4972383423397705,0.0,1,1
417,0.7103169578887296,-0.43942309856498113,-2.59719851491072,-0.4972383423397705,1.0,1,1
418,0.7209252164630096,-0.9315836632776668,-0.9696225717946708,-0.4972383423397705,1.0,1,0
419,-0.8044805750605317,0.5680864346156917,-0.2504674127859975,-0.4972383423397705,1.0,0,1
420,0.8886320470218363,-0.7733743895141492,1.4425207040104577,-0.4972383423397705,0.0,1,0
421,-0.18167575348960377,-0.06633634061497555,-0.3612195636953218,-0.4972383423397705,1.0,1,0
422,-0.7398566347804633,1.0397811438847149,0.163661986861465,-0.4972383423397705,1.0,1,0
423,0.05020534741585613,-0.38837381457514497,0.20676010182500745,-0.4972383423397705,1.0,1,1
424,1.2478415363747888,-1.661036645910854,0.9645034440547863,-0.4972383423397705,1.0,1,1
425,0.774417225868832,-0.4999242837477318,0.45028951539783046,1.406252035390331,1.0,0,1
426,0.17012344898143228,-0.13835480837840122,-0.37041367358116256,-0.4972383423397705,1.0,1,1
427,0.7103169578887296,1.1941560832990525,-1.2032592568278702,-0.4972383423397705,1.0,1,1
428,0.3391521273831946,0.42459315520452534,-0.04373110991141798,0.15991904997181214,1.0,0,1
429,0.9085943581727861,-0.946629476795211,0.5269452420420823,-0.4972383423397705,1.0,1,1
430,-0.5396341926324805,0.2241558973862357,0.09396218549279903,-0.4972383423397705,1.0,1,0
431,0.8683480668981735,-0.7673768536775498,-0.029301412913670312,-0.4972383423397705,1.0,0,1
432,0.5125483301195094,-1.657176959442801,1.4309035389972173,-0.4972383423397705,0.0,1,0
433,0.04863783811545738,0.258717849895361,-2.385909050048439,0.013884073902571568,1.0,0,1
434,0.887547936313413,0.5332783582510869,-0.8473563191193566,-0.4972383423397705,1.0,1,0
435,-1.0863582729843126,-1.2211065604470013,2.097536967324844,8.702965150022386,1.0,0,1
436,-0.7475852816202735,1.7313822394042262,-0.8368781872225755,-0.4972383423397705,1.0,1,0
437,1.0156003020873934,0.2536067675035208,2.072849883064881,0.2104696186111647,1.0,0,1
438,-2.2401026296950555,-1.0108159219021862,1.4928981600298306,1.0361289063872554,1.0,0,0
439,-1.6686819997207727,-0.10956744167463754,0.2347326225509634,-0.4972383423397705,1.0,1,1
440,-0.13671813868365615,-0.6301507930935395,-1.4610513081414633,0.11610855715104003,1.0,0,1
441,-0.01808357950864806,0.3585613844128245,-0.5250874369852736,-0.4972383423397705,0.0,1,1
442,0.8556611555060131,-0.010843456581471981,1.2081754736096433,0.8827921815145531,1.0,0,1
443,1.3809672815432223,0.13427676598769278,-0.9135615710341796,-0.4972383423397705,1.0,1,1
444,0.6019692922418707,1.3918768366347365,0.5732434309506131,-0.4972383423397705,1.0,1,1
445,-1.764115444190606,0.3275066878555223,0.9387029185796784,-0.4972383423397705,1.0,1,1
446,-0.9014607462108355,-0.18353086076220418,-0.5858107757886039,-0.4972383423397705,1.0,1,1
447,-0.010431219183966877,-1.0728771342506351,0.12144686514913201,-0.4972383423397705,1.0,1,0
448,-0.018910933352304694,0.9921689147904853,1.4207401816285288,-0.4972383423397705,1.0,1,0
449,-1.1333849670603309,0.15094984795813712,-1.1178793403006195,-0.4972383423397705,1.0,1,1
450,-0.049030667829915005,0.019869396426347906,-1.2190715183482967,0.07777437593286435,0.0,0,1
451,-0.595641947738619,1.0541403520056036,0.2666470083259662,-0.4972383423397705,1.0,1,1
452,-0.018910933352304694,0.21141166062752456,-0.234376736139869,-0.4972383423397705,1.0,0,1
453,0.43825933917550375,1.4300509043324596,-0.6562259389217314,-0.4972383423397705,1.0,1,0
454,1.2060516706912185,0.40336847031441503,-0.05765891843128268,0.5851385391146009,1.0,0,1
455,-1.5750459437366373,-0.8683731350588559,-0.9462553641601112,6.460983618403948,1.0,0,1
456,0.7972092643549541,-0.292162213484202,0.7155639292455337,0.8170764422833947,1.0,0,1
457,1.14538761657758,-0.5064784035111758,-0.9773277207084566,-0.4972383423397705,0.0,0,1
458,0.6650966640985166,-0.05290365368337331,0.47875636901230645,-0.4972383423397705,1.0,0,0
459,-0.013241020335485201,-1.04961565242883,-0.1600245784315546,3.4755768020893423,0.0,0,0
460,1.2086658503731715,-0.27586094117013693,0.012223587127370383,0.5851385391146009,1.0,0,1
461,0.17012344898143228,0.45783694432439653,-0.45031104768654173,-0.4972383423397705,1.0,1,1
462,-0.48910340900685,0.39426103601577633,-0.7050530437374172,-0.4972383423397705,0.0,0,0
463,0.4364097270271289,0.3841016623729196,0.16135128509333202,-0.4972383423397705,1.0,1,1
464,-0.03634218486087887,1.2509832091977457,-0.764538371559021,-0.4972383423397705,0.0,1,0
465,-1.2009080913934336,-0.6424083061378599,0.4098403199512817,-0.4972383423397705,0.0,0,1
466,-1.1268915800733514,0.35451168100789754,0.2971725021849277,0.15991904997181214,1.0,0,1
467,0.14345965840712105,-0.9746689225277075,1.140968260903188,0.5250064901449136,1.0,0,1
468,0.8439575571607656,2.077333246237852,-0.7415580076149196,0.07777437593286435,1.0,0,1
469,-0.1084091368851958,-0.021543601469088368,0.11101026983408616,-0.4972383423397705,1.0,0,1
470,-1.8443287928194494,0.44511426226814477,0.355402400913552,-0.4972383423397705,1.0,1,0
471,0.6967375911825806,-0.5438941280443141,0.09624772249060226,-0.4972383423397705,1.0,0,0
472,-0.060617789381195816,1.802852746858543,-0.8219109148394123,-0.4972383423397705,1.0,1,0
473,0.27423880031690034,-0.4921132535416892,-0.3094799798060446,-0.4972383423397705,1.0,0,1
474,-0.6188429744766143,1.1176238412092028,-1.8382867193685077,0.5851385391146009,1.0,0,1
475,-2.2401026296950555,1.6747539170162788,-0.5254703648969218,0.2104696186111647,1.0,0,1
476,-0.9014607462108355,0.6045406631632156,0.883523631851811,-0.4972383423397705,1.0,1,1
477,-0.6066746276908919,0.3827060762775171,0.06001005224232323,-0.4972383423397705,0.0,0,1
478,1.5845570700059108,-0.6049620195573672,0.11704389856248035,-0.4972383423397705,1.0,1,1
479,-1.3916156345749262,0.07782097485608985,0.03286982717529917,-0.4972383423397705,1.0,1,1
480,-0.28234519994997165,0.5252364597437021,-0.30742355206618865,-0.4972383423397705,0.0,1,0
481,0.8499734899960758,-0.9354182038235753,0.5554271326408076,0.3391437933295166,1.0,0,1
482,-1.6806144687288496,-0.7256931410690227,1.6738417373281003,0.15991904997181214,1.0,0,0
483,0.14345965840712105,0.052395675838381624,0.03197274623140989,0.8170764422833947,1.0,0,1
484,-2.785524832276826,0.14277169876469517,1.087439100892429,-0.4972383423397705,1.0,1,1
485,1.2669996799085854,0.27861567496934964,-0.9313557062687583,-0.4972383423397705,1.0,1,1
486,1.440466742228587,1.4082697261859634,-0.5000300884968226,-0.4972383423397705,1.0,1,1
487,-1.0539280196101088,-1.1874033443300434,0.36864897671473285,-0.4972383423397705,1.0,1,0
488,-1.255365546977281,1.9373233170830588,-0.15541857817885182,-0.4972383423397705,1.0,1,0
489,-0.41263137332349753,-0.8672253725181962,-1.598453125093589,-0.4972383423397705,1.0,1,1
490,0.22035930804852524,-0.7516863153624895,-0.4375103556736211,-0.4972383423397705,1.0,1,1
491,0.6087411054977534,0.8043112757766331,-0.17574804196183474,-0.4972383423397705,0.0,0,0
492,-0.7637451475251019,-1.0108425592037227,0.592358248236756,-0.4972383423397705,1.0,1,1
493,0.12499459618500838,-0.4924260162460026,0.5473715185687942,-0.4972383423397705,1.0,1,0
494,0.49508205540415096,-0.9205660756965326,0.3093455544840332,-0.11389653015801399,1.0,0,0
495,-1.3357981017935414,0.6395307516706384,-0.5844510295726322,-0.4972383423397705,1.0,1,0
496,1.7109409200320753,-0.4287539032418086,-0.2814752164350481,0.6527870942054992,1.0,0,1
497,-0.33831347181663013,-1.0348092252885082,-0.09606333891305505,0.5851385391146009,1.0,0,1
498,0.6721249474503387,-1.209490224485646,1.3280361623686656,1.8770077202053022,1.0,0,0
499,1.47759111322895,2.4799172885212593,0.2913940315885622,0.15991904997181214,1.0,0,1
500,-0.7925126966214587,1.0922148349044298,0.40429175671003315,-0.4972383423397705,1.0,1,0
501,0.25529522046950676,-1.1746232828127263,0.736456497671301,-0.4972383423397705,1.0,1,0
502,-1.8191654501807466,0.34449566267785164,2.1423264746505644,-0.4972383423397705,0.0,1,1
503,-0.030332343291828223,-0.15802405574128334,-0.49809472565314955,-0.4972383423397705,1.0,1,1
504,-0.4758992259936713,-0.36090424509158586,0.6314512646132352,0.42278200689644524,1.0,0,1
505,0.4732504620181327,-0.4740438661966079,1.0389350952987229,-0.4972383423397705,1.0,1,1
506,0.26890895956602406,2.1880878392693774,-0.5076321126566722,0.7294554566418505,1.0,0,1
507,1.7459271195535577,0.8803233872298932,0.6451491612343729,-0.4972383423397705,1.0,1,1
508,0.15022754703442354,0.005417285920716222,-0.6295735436245423,-0.4972383423397705,1.0,1,1
509,1.309857662212618,-0.816671444163621,0.1618585165082929,0.15991904997181214,1.0,0,1
510,-2.6601348043459185,0.45380820828837354,0.4068700161402789,0.5250064901449136,1.0,0,1
511,1.293895862144284,-0.5608728573881172,2.4593042857608536,-0.4972383423397705,0.0,1,1
512,1.6305186992310314,0.3620356275793334,-0.2178876876073103,1.8028125307507687,1.0,0,1
513,-0.34661194128642847,0.3992150266000529,-0.10771814175973762,-0.4972383423397705,1.0,1,0
514,-0.27797552390397745,-0.7919157323290548,0.14091991441526208,-0.4972383423397705,1.0,0,1
515,0.355113851929108,1.990914897603136,-2.8159015779057492,-0.4972383423397705,1.0,1,0
516,0.515357924768764,-0.1388527848652022,0.652392749090982,-0.4972383423397705,1.0,0,1
517,-0.18953205062062664,0.7216665097341625,0.12030701795775776,0.3391437933295166,1.0,0,1
518,0.12499459618500838,-0.34740397550318186,0.4159663155536114,-0.4972383423397705,1.0,0,1
519,0.972695129914674,0.8175177557497821,-3.16955116248544,-0.4972383423397705,1.0,0,0
520,0.3391521273831946,-0.0842917408974355,-0.6954530896730052,1.0361289063872554,1.0,0,1
521,0.3998975466326893,-0.5191888947790501,0.11822213950284764,0.15991904997181214,1.0,0,1
522,-1.473452651054477,0.9519593518331997,-0.6301332599687254,0.15991904997181214,1.0,0,1
523,0.15022754703442354,0.02165038229503114,-0.0923644485593387,-0.4972383423397705,1.0,1,1
524,0.5902997504629649,1.0855509342738885,-0.25160358831167884,-0.4972383423397705,0.0,1,0
525,-1.336776343358559,-1.4599072489077898,-0.16308001753110735,-0.4972383423397705,1.0,1,1
526,-0.3750686127077514,-1.3598365742223228,0.18211317163392188,-0.4972383423397705,1.0,1,1
527,-0.6356910433001942,-0.03665368610963793,1.161706174641457,-0.4972383423397705,1.0,1,0
528,1.0827754580563367,-0.9288025353524662,0.44459647195653096,-0.4972383423397705,1.0,0,0
529,-0.25691384711623405,-0.4775621260061154,-0.07736345317965407,-0.4972383423397705,1.0,0,1
530,-0.7408353909507882,-0.3286317834742339,1.187906505332988,3.3361797794777956,1.0,0,1
531,1.7517139901790542,0.4439388430691909,1.434303737860512,0.04395009838741519,1.0,0,1
532,1.521715871491506,-0.10899565553981642,-0.19933807485353475,-0.4972383423397705,0.0,1,1
533,-0.7907610712424374,-0.6424511388044312,0.7495063207393142,1.454319974221899,1.0,0,1
534,-1.7353572914506077,0.22171908199853763,-0.2559575422479434,-0.4972383423397705,1.0,1,1
535,0.42557143038173545,-0.1793483837868,1.0686655073168967,0.15991904997181214,1.0,0,1
536,0.5373701509353387,0.4428243561439655,1.8427369043476292,-0.4972383423397705,1.0,0,1
537,-1.4173024190842365,-0.4576400324123571,1.3113430687440506,1.4742338345949773,1.0,0,1
538,1.205341789697795,1.1775604080786233,0.7242900609372837,-0.4972383423397705,1.0,1,1
539,-1.473452651054477,-0.4092166927224531,0.5815431423426333,0.2694452820237425,1.0,0,1
540,-0.4758992259936713,-1.09435816014153,0.9009874182966792,1.342802356132661,1.0,0,1
541,0.42557143038173545,0.057556730550299876,-4.188190477049874,-0.4972383423397705,1.0,1,0
542,-1.0189842460814778,0.4819584230225851,-0.21508272344150417,-0.4972383423397705,1.0,1,1
543,-1.873799157116445,-0.7050532719135747,0.503718628744871,-0.4972383423397705,1.0,1,1
544,0.6453374877592122,0.3209166534861182,-0.8475752678334633,-0.4972383423397705,1.0,1,1
545,-0.13671813868365615,1.9177562463903408,0.04705355622177389,-0.4972383423397705,1.0,1,0
546,0.7369225688792188,1.0817814326977375,-1.4234381285057678,-0.4972383423397705,1.0,1,1
547,0.18445086549521286,-2.1436249787465633,0.6805733458076823,1.2551813704911166,1.0,0,1
548,1.0203934003040964,-0.45556154686964107,-0.2525949348680254,0.2694452820237425,0.0,0,1
549,0.47507765959738446,0.20207919727001883,0.9370934089834406,-0.4972383423397705,1.0,0,1
550,-0.524375182504783,-1.0770185270902466,-2.0016335917003563,-0.4972383423397705,1.0,0,1
551,-0.6971139242409153,-0.2859949391724519,0.6669325687824768,0.6527870942054992,1.0,0,1
552,1.1140266671932995,-0.14398473076224672,-0.05479411610615902,-0.4972383423397705,1.0,1,0
553,-0.4084358177303417,1.3941002424308215,-1.0839576872185581,-0.4972383423397705,1.0,1,0
554,-0.19117188708138894,-1.5342730967894593,-0.19629411285105416,-0.4972383423397705,1.0,1,1
555,-0.08854726002120564,0.9942752825345565,0.14441841965486932,-0.4972383423397705,1.0,0,1
556,-1.3993361811283125,-1.9548823329018488,0.6910080069148162,1.4742338345949773,1.0,0,1
557,-0.07847387890710547,-0.5405720217764323,-2.0225391697751767,-0.4972383423397705,1.0,1,0
558,1.14538761657758,-0.6496464074932488,-0.057079197593069224,0.95542536698057,1.0,0,1
559,1.1140266671932995,-0.15665833251339797,0.6775503139328786,-0.4972383423397705,1.0,1,1
560,-0.4115019165269743,-1.2376949717663384,0.7491699749400503,-0.4972383423397705,1.0,1,1
561,0.600154660494277,0.8075259855537616,-0.51060744091551,-0.4972383423397705,1.0,1,1
562,0.16721224579613644,0.8770254016894656,-0.011214452517996897,-0.4972383423397705,1.0,1,0
563,0.4593560917685777,-1.0658353504706914,1.2091197877390214,0.8170764422833947,1.0,0,0
564,1.0039218031447656,-1.4507967817166656,-1.1732780577289277,-0.4972383423397705,0.0,0,0
565,0.19752904592792925,-1.594662961335587,-1.2006499440839233,-0.4972383423397705,0.0,0,1
566,-0.9604637747951625,0.058467325008307744,-0.27685456525224955,-0.4972383423397705,1.0,1,0
567,0.355113851929108,0.3082074502086303,-0.252289688669884,-0.4972383423397705,1.0,1,1
568,0.3016190846865594,2.404049925190913,0.4414359924566245,-0.4972383423397705,1.0,1,1
569,-1.3357981017935414,-0.02333462373241578,0.8823382752719849,-0.4972383423397705,1.0,1,1
570,0.03872204497499184,-0.06112965099780774,-0.6671522677966426,0.15991904997181214,1.0,0,1
571,1.2297138314110279,-0.6743848162757833,-2.1635051536943806,6.995454467043616e-05,1.0,0,1
572,0.413611823592726,2.1186082240400474,-0.44269048987663434,-0.4972383423397705,1.0,1,0
573,-0.030332343291828223,0.18107095541394894,-0.2015815006005099,0.7294554566418505,1.0,0,1
574,0.8273620074657528,0.5020567941725108,0.2356476921084543,-0.4972383423397705,1.0,1,1
575,-1.298932381270439,-1.3958227667501724,0.2618313546431278,-0.4972383423397705,1.0,1,0
576,0.023836168132107375,-0.3882814265826648,-0.47386721270683885,-0.09722949484576367,1.0,0,1
577,-0.08594542107288175,-0.4036351863351666,0.037080951537948735,-0.4972383423397705,1.0,1,1
578,0.9006227452869217,-0.19640016135367058,0.31322978185050626,0.7294554566418505,1.0,0,1
579,-0.4624128530102944,1.3937299595389938,-0.514773156242217,-0.4972383423397705,1.0,1,0
580,-0.9227395615102291,2.6851981762114026,0.1748741508912391,-0.4972383423397705,1.0,1,0
581,1.6480358493578584,1.865055509285547,-0.9545144542989549,-0.4972383423397705,1.0,1,0
582,-0.8971413411794916,1.1409575390365028,-0.7237133058987464,-0.4972383423397705,1.0,1,0
583,0.43824981246654077,-0.08966873841497577,1.229598036058626,0.7294554566418505,1.0,0,1
584,0.33192728477137334,-0.8359430486324528,-0.1847712212017218,0.9181775795620999,1.0,0,1
585,1.221500525836565,1.3836030787557156,0.5841672944426892,2.2628227053688765,1.0,0,1
586,0.7298669031106476,-0.5054119852051946,0.33504787277200015,-0.4972383423397705,1.0,0,1
587,0.4408510871429297,-0.3412190530594112,-0.9156764305344247,-0.4972383423397705,1.0,1,0
588,-0.3382561714517983,-1.5065268085142045,0.5951000444537698,-0.4972383423397705,1.0,0,1
589,0.4376772707796683,-0.33847682391571066,-1.3867788777208538,-0.4972383423397705,1.0,1,0
590,0.48803138986867023,-0.2505684072894577,0.20029623569956162,1.227799812478134,1.0,0,1
591,-0.7408353909507882,0.26591685296196754,-0.07270407569396761,0.6527870942054992,1.0,0,1
592,-1.1453058834070742,1.2938236508421848,-0.06583971575583758,-0.4972383423397705,1.0,1,0
593,0.4593560917685777,0.006007475718094383,-0.058420285441184126,0.36528073506918174,1.0,0,0
594,-0.28234519994997165,-0.8243121750389205,-0.3771203536684844,-0.4972383423397705,1.0,1,1
595,0.05533966167797454,0.8773289382712018,-0.5121756562299398,-0.01301710589965699,0.0,0,1
596,0.9915923768502347,0.7830401775107811,-1.406436510073381,-0.4972383423397705,1.0,0,1
597,1.228174333689637,0.8423805162488246,2.410384163598366,-0.4972383423397705,1.0,1,1
598,0.7902979340687742,-1.2295559848753637,0.04649112067475186,-0.4972383423397705,1.0,0,1
599,-0.223858782291271,0.08711794311712606,-1.596929391869668,-0.4972383423397705,0.0,1,1
600,-0.4084358177303417,-2.0731341351048145,1.1204989853678824,-0.4972383423397705,1.0,1,1
601,-1.370395527272895,-0.07061309606942294,-0.9169097797276532,0.5508861061571841,1.0,0,0
602,0.7209252164630096,-1.0295403131848444,-1.4453583879970977,-0.4972383423397705,0.0,0,1
603,-0.026930921804089666,0.36544252615892414,-0.8694927546135445,-0.4972383423397705,1.0,1,1
604,1.7216287902408662,-1.222387433818915,-0.017619285950245252,1.625885540513035,1.0,0,1
605,-1.9335412985442428,0.13960665470295602,0.5601988303415626,-0.4972383423397705,1.0,0,0
606,-1.97849621884014,1.8139322605878194,0.4903000721745421,-0.4972383423397705,1.0,1,1
607,2.337305736936596,-1.8315153550452292,-0.7992200703177977,-0.4972383423397705,0.0,0,1
608,-0.2657849536195373,0.33523263142983006,0.5600592936761121,1.227799812478134,0.0,0,1
609,-0.4854385975346732,-0.1887938483993242,0.08700381105356242,-0.4972383423397705,1.0,1,1
610,1.324215517373713,1.4676906275564847,-1.305719108676926,-0.4972383423397705,1.0,1,1
611,-0.08594542107288175,0.4373155140932176,0.007549411612592059,-0.4972383423397705,1.0,1,0
612,0.7164570460054727,-1.8731842005698427,1.2999984060838645,-0.4972383423397705,1.0,0,1
613,0.32390907511399275,0.9558254866189286,-0.6715817692905673,0.15991904997181214,1.0,0,1
614,0.7550624052094845,-0.8261594046899732,-0.4685730315567655,-0.4972383423397705,1.0,1,1
615,-1.336776343358559,0.12774514031078507,0.44163390889265886,-0.4972383423397705,1.0,1,1
616,-0.7002588651154414,0.33525010217907447,0.10926409694790996,1.342802356132661,1.0,0,1
617,1.0609342342122536,0.626449798664019,-0.18390932505917157,-0.4972383423397705,1.0,1,0
618,0.8661141835606158,-0.140990837048908,-0.03565542520658206,0.11610855715104003,1.0,0,1
619,-1.4254021356938555,-0.0775973094284727,0.175827320752166,-0.4972383423397705,1.0,0,1
620,0.7030085977402427,-1.1483396910604011,0.3399385279755413,-0.4972383423397705,1.0,1,1
621,-1.336801114813374,1.422406098668268,1.1960180196172794,-0.4972383423397705,1.0,1,0
622,-0.38346129434803095,0.20769610882930772,-1.1304151250148182,0.42278200689644524,1.0,0,1
623,-1.6143133940529688,-0.4541363994465248,0.6393981480969106,-0.4972383423397705,1.0,1,0
624,-1.393361196675463,-0.7682650907119948,0.17358801957679143,0.14463631991805442,1.0,0,1
625,-0.08344769680249409,-2.0642792012267788,-0.4916743026497282,0.7294554566418505,1.0,0,1
626,1.256498496599541,-0.2643234827048198,-0.037525183949054734,-0.4972383423397705,1.0,0,1
627,1.0952756754096986,0.6043990969567842,-0.9401815095161195,-0.4972383423397705,0.0,1,1
628,-0.9797062856834817,-0.24357770843415716,0.10697752342275929,-0.4972383423397705,0.0,1,1
629,-1.3993361811283125,0.2730206864975045,0.16372890525800485,-0.4972383423397705,1.0,1,0
630,-0.9604637747951625,-0.8737980629400365,1.4852342372180962,0.06034974810642086,1.0,0,0
631,-0.11807823828342867,1.5142435414890967,-1.6517449258232142,-0.4972383423397705,0.0,1,0
632,0.6664146207628884,0.2501757060310107,0.5882311616192013,0.7294554566418505,1.0,0,1
633,0.6721249474503387,0.41795315301141983,-0.10834784687268381,-0.4972383423397705,1.0,1,0
634,-1.4631718842567087,-1.6201380900397873,1.2422196317696375,0.6067860767436883,1.0,0,1
635,0.9240671096750105,-0.2714871720988541,0.8030565373387621,-0.1433843618643029,1.0,0,0
636,0.8815738729734979,-0.4244170812342468,-0.9500514628961861,-0.4972383423397705,0.0,0,1
637,-1.2327674708159424,0.9757165445999665,0.710245808733255,-0.4972383423397705,1.0,1,0
638,-0.634926816636421,0.9790052881413162,-2.164766005886824,-0.1905648925943652,1.0,0,0
639,-0.17734479218699267,0.7014234561184588,-0.7777045990689365,-0.4972383423397705,1.0,1,0
640,0.6741413196465079,1.9477886343566166,0.38259028300281045,-0.4972383423397705,1.0,1,0
641,0.39665659769894146,-0.5044183896527211,-0.4703964851989913,0.07777437593286435,1.0,0,1
642,1.089783730999675,-0.5286457554782745,-1.2264726252231621,0.07777437593286435,1.0,0,1
643,-0.16903332249477093,0.4585183203500702,-0.3676973402054039,-0.4972383423397705,0.0,0,1
644,0.29188224218311676,0.7124162153137245,0.08805070599764184,-0.4972383423397705,1.0,1,0
645,-0.927477480307771,0.47507053270398836,0.6488150304258399,0.2913505284341287,1.0,0,0
646,-1.116278616909826,0.011640841215419131,-0.12606989468649246,-0.4972383423397705,0.0,1,1
647,-1.7353572914506077,1.5834111124837715,-0.13876666707056223,-0.4972383423397705,1.0,1,1
648,1.5160616041004205,-1.2181414473788992,-0.6174271520022145,0.7294554566418505,1.0,0,1
649,0.3120959859874783,1.4304515329069791,-0.26978038032024876,-0.4972383423397705,1.0,1,1
650,-0.19338934320950563,0.5588611393686,0.5068588300038169,-0.4972383423397705,1.0,1,1
651,2.313011938258245,0.5198435320690284,0.6011650836219333,0.5542134853587618,0.0,0,0
652,0.7422133946125975,-0.8799379447684937,-0.6090614037415294,4.456717384316775,1.0,0,1
653,0.6298286589553226,-0.9097818370108784,-0.7379910202855849,-0.4972383423397705,0.0,0,1
654,-1.5750459437366373,-0.15321124710076137,1.2279345889935551,-0.4972383423397705,1.0,1,1
655,-0.07847387890710547,-0.25636040658958364,0.1093943592389433,1.342802356132661,1.0,0,1
656,1.5440968836275066,0.18971036255634557,0.43635932969275565,-0.4972383423397705,1.0,1,1
657,0.6951469891457399,0.16156378617523884,-0.04041052361332026,-0.4972383423397705,0.0,0,0
658,0.7509852822730875,-1.5083366498208306,0.2316279739059445,1.227799812478134,1.0,0,0
659,0.5227966301501568,0.08645317229998549,-0.2874330735484654,0.11610855715104003,1.0,0,0
